0.01,364.66819857991186
0.02,364.66819857991186
0.03,0
0.04,0
0.05,0
0.06,238.1715447850896
0.07,233.06801971095814
0.08,233.06801971095814
0.09,224.80400313436365
0.1,224.80400313436365
0.11,219.98691691276406
0.12,219.98691691276406
0.13,219.98691691276406
0.14,238.1715447850896
0.15,261.61000680017145
0.16,267.3385200084793
0.17,275.1721365856887
0.18,279.17460747780154
0.19,291.5347233085324
0.2,295.7751935049732
0.21,300.077342760714
0.22,302.25182688535176
0.23,304.4420682183307
0.24,306.6481809428776
0.25,306.6481809428776
0.26,306.6481809428776
0.27,306.6481809428776
0.28,306.6481809428776
0.29,306.6481809428776
0.3,311.1084814426742
0.31,311.1084814426742
0.32,311.1084814426742
0.33,313.3629017454983
0.34,313.3629017454983
0.35000000000000003,320.2246557877048
0.36,334.4022125259431
0.37,334.4022125259431
0.38,334.4022125259431
0.39,334.4022125259431
0.4,334.4022125259431
0.41000000000000003,334.4022125259431
0.42,334.4022125259431
0.43,334.4022125259431
0.44,334.4022125259431
0.45,334.4022125259431
0.46,334.4022125259431
0.47000000000000003,329.6079544306769
0.48,327.2366626782015
0.49,295.7751935049732
0.5,295.7751935049732
0.51,295.7751935049732
0.52,0
0.53,158.9604350541904
0.54,167.20110626297156
0.55,160.1123278938524
0.56,157.8168292535811
0.5700000000000001,157.8168292535811
0.58,163.61833133910076
0.59,257.8593560989382
0.6,421.3203866928548
0.61,372.6533923336452
0.62,372.6533923336452
0.63,372.6533923336452
0.64,372.6533923336452
0.65,372.6533923336452
0.66,372.6533923336452
0.67,372.6533923336452
0.68,372.6533923336452
0.6900000000000001,372.6533923336452
0.7000000000000001,372.6533923336452
0.71,372.6533923336452
0.72,433.66601636645635
0.73,372.6533923336452
0.74,372.6533923336452
0.75,372.6533923336452
0.76,372.6533923336452
0.77,372.6533923336452
0.78,364.66819857991186
0.79,364.66819857991186
0.8,367.3107346716974
0.81,372.6533923336452
0.8200000000000001,367.3107346716974
0.8300000000000001,367.3107346716974
0.84,372.6533923336452
0.85,372.6533923336452
0.86,372.6533923336452
0.87,372.6533923336452
0.88,372.6533923336452
0.89,372.6533923336452
0.9,372.6533923336452
0.91,372.6533923336452
0.92,372.6533923336452
0.93,372.6533923336452
0.9400000000000001,372.6533923336452
0.9500000000000001,372.6533923336452
0.96,372.6533923336452
0.97,372.6533923336452
0.98,372.6533923336452
0.99,372.6533923336452
1.0,372.6533923336452
1.01,372.6533923336452
1.02,372.6533923336452
1.03,372.6533923336452
1.04,372.6533923336452
1.05,372.6533923336452
1.06,372.6533923336452
1.07,367.3107346716974
1.08,367.3107346716974
1.09,367.3107346716974
1.1,364.66819857991186
1.11,364.66819857991186
1.12,364.66819857991186
1.1300000000000001,364.66819857991186
1.1400000000000001,367.3107346716974
1.1500000000000001,367.3107346716974
1.16,372.6533923336452
1.17,367.3107346716974
1.18,364.66819857991186
1.19,364.66819857991186
1.2,364.66819857991186
1.21,364.66819857991186
1.22,364.66819857991186
1.23,367.3107346716974
1.24,367.3107346716974
1.25,367.3107346716974
1.26,367.3107346716974
1.27,367.3107346716974
1.28,367.3107346716974
1.29,372.6533923336452
1.3,372.6533923336452
1.31,367.3107346716974
1.32,364.66819857991186
1.33,364.66819857991186
1.34,364.66819857991186
1.35,364.66819857991186
1.36,364.66819857991186
1.37,364.66819857991186
1.3800000000000001,364.66819857991186
1.3900000000000001,182.33409928995593
1.4000000000000001,182.33409928995593
1.41,367.3107346716974
1.42,364.66819857991186
1.43,359.440023054631
1.44,177.1434014216652
1.45,354.28680284333046
1.46,354.28680284333046
1.47,169.63310235549096
1.48,169.63310235549096
1.49,173.34758361442815
1.5,173.34758361442815
1.51,0
1.52,0
1.53,302.25182688535176
1.54,295.7751935049732
1.55,295.7751935049732
1.56,295.7751935049732
1.57,295.7751935049732
1.58,291.5347233085324
1.59,291.5347233085324
1.6,291.5347233085324
1.61,291.5347233085324
1.62,291.5347233085324
1.6300000000000001,291.5347233085324
1.6400000000000001,293.64730409114946
1.6500000000000001,295.7751935049732
1.6600000000000001,295.7751935049732
1.67,295.7751935049732
1.68,295.7751935049732
1.69,295.7751935049732
1.7,295.7751935049732
1.71,300.077342760714
1.72,300.077342760714
1.73,293.64730409114946
1.74,293.64730409114946
1.75,285.28773535819766
1.76,285.28773535819766
1.77,285.28773535819766
1.78,0
1.79,0
1.8,0
1.81,0
1.82,0
1.83,0
1.84,0
1.85,0
1.86,0
1.87,0
1.8800000000000001,0
1.8900000000000001,0
1.9000000000000001,0
1.9100000000000001,0
1.92,0
1.93,0
1.94,0
1.95,256.00424381722104
1.96,245.15050375212843
1.97,245.15050375212843
1.98,245.15050375212843
1.99,245.15050375212843
2.0,246.92696535916497
2.0100000000000002,246.92696535916497
2.02,246.92696535916497
2.0300000000000002,246.92696535916497
2.04,246.92696535916497
2.05,246.92696535916497
2.06,248.7162999393057
2.07,246.92696535916497
2.08,246.92696535916497
2.09,241.63582967657618
2.1,245.15050375212843
2.11,241.63582967657618
2.12,238.1715447850896
2.13,233.06801971095814
2.14,0
2.15,167.20110626297156
2.16,167.20110626297156
2.17,0
2.18,0
2.19,0
2.2,0
2.21,0
2.22,0
2.23,0
2.24,0
2.25,291.5347233085324
2.2600000000000002,285.28773535819766
2.27,285.28773535819766
2.2800000000000002,285.28773535819766
2.29,285.28773535819766
2.3000000000000003,285.28773535819766
2.31,281.19762176597635
2.32,281.19762176597635
2.33,281.19762176597635
2.34,281.19762176597635
2.35,281.19762176597635
2.36,281.19762176597635
2.37,281.19762176597635
2.38,281.19762176597635
2.39,279.17460747780154
2.4,281.19762176597635
2.41,281.19762176597635
2.42,281.19762176597635
2.43,281.19762176597635
2.44,281.19762176597635
2.45,279.17460747780154
2.46,0
2.47,275.1721365856887
2.48,279.17460747780154
2.49,279.17460747780154
2.5,281.19762176597635
2.5100000000000002,281.19762176597635
2.52,281.19762176597635
2.5300000000000002,281.19762176597635
2.54,279.17460747780154
2.5500000000000003,279.17460747780154
2.56,275.1721365856887
2.57,275.1721365856887
2.58,275.1721365856887
2.59,275.1721365856887
2.6,275.1721365856887
2.61,275.1721365856887
2.62,275.1721365856887
2.63,275.1721365856887
2.64,279.17460747780154
2.65,281.19762176597635
2.66,281.19762176597635
2.67,281.19762176597635
2.68,281.19762176597635
2.69,281.19762176597635
2.7,283.2352956496178
2.71,279.17460747780154
2.72,275.1721365856887
2.73,275.1721365856887
2.74,273.1924713220765
2.75,273.1924713220765
2.7600000000000002,275.1721365856887
2.77,279.17460747780154
2.7800000000000002,0
2.79,0
2.8000000000000003,0
2.81,0
2.82,0
2.83,0
2.84,354.28680284333046
2.85,354.28680284333046
2.86,354.28680284333046
2.87,194.57608377333133
2.88,194.57608377333133
2.89,194.57608377333133
2.9,0
2.91,0
2.92,0
2.93,0
2.94,0
2.95,0
2.96,0
2.97,0
2.98,0
2.99,0
3.0,0
3.0100000000000002,0
3.02,354.28680284333046
3.0300000000000002,0
3.04,354.28680284333046
3.0500000000000003,354.28680284333046
3.06,167.20110626297156
3.0700000000000003,167.20110626297156
3.08,186.3266961668226
3.09,98.70312904132305
3.1,98.70312904132305
3.11,167.20110626297156
3.12,167.20110626297156
3.13,167.20110626297156
3.14,167.20110626297156
3.15,112.40200156718183
3.16,114.86328490451865
3.17,113.21651280530705
3.18,0
3.19,0
3.2,0
3.21,0
3.22,0
3.23,0
3.24,0
3.25,0
3.2600000000000002,339.266204710982
3.27,0
3.2800000000000002,0
3.29,0
3.3000000000000003,0
3.31,0
3.3200000000000003,130.80500340008572
3.33,160.1123278938524
3.34,160.1123278938524
3.35,160.1123278938524
3.36,380.81343906203585
3.37,380.81343906203585
3.38,380.81343906203585
3.39,380.81343906203585
3.4,386.35249808190343
3.41,256.00424381722104
3.42,252.33396182634456
3.43,257.8593560989382
3.44,271.2270483237044
3.45,273.1924713220765
3.46,279.17460747780154
3.47,283.2352956496178
3.48,283.2352956496178
3.49,285.28773535819766
3.5,285.28773535819766
3.5100000000000002,285.28773535819766
3.52,285.28773535819766
3.5300000000000002,285.28773535819766
3.54,285.28773535819766
3.5500000000000003,285.28773535819766
3.56,287.35504789097007
3.5700000000000003,287.35504789097007
3.58,287.35504789097007
3.59,291.5347233085324
3.6,291.5347233085324
3.61,293.64730409114946
3.62,300.077342760714
3.63,302.25182688535176
3.64,302.25182688535176
3.65,302.25182688535176
3.66,302.25182688535176
3.67,302.25182688535176
3.68,295.7751935049732
3.69,295.7751935049732
3.7,295.7751935049732
3.71,295.7751935049732
3.72,295.7751935049732
3.73,295.7751935049732
3.74,295.7751935049732
3.75,302.25182688535176
3.7600000000000002,302.25182688535176
3.77,302.25182688535176
3.7800000000000002,302.25182688535176
3.79,302.25182688535176
3.8000000000000003,295.7751935049732
3.81,287.35504789097007
3.8200000000000003,285.28773535819766
3.83,285.28773535819766
3.84,285.28773535819766
3.85,285.28773535819766
3.86,293.64730409114946
3.87,295.7751935049732
3.88,300.077342760714
3.89,302.25182688535176
3.9,302.25182688535176
3.91,302.25182688535176
3.92,302.25182688535176
3.93,302.25182688535176
3.94,302.25182688535176
3.95,302.25182688535176
3.96,302.25182688535176
3.97,302.25182688535176
3.98,302.25182688535176
3.99,302.25182688535176
4.0,302.25182688535176
4.01,302.25182688535176
4.0200000000000005,304.4420682183307
4.03,311.1084814426742
4.04,311.1084814426742
4.05,320.2246557877048
4.0600000000000005,320.2246557877048
4.07,329.6079544306769
4.08,329.6079544306769
4.09,334.4022125259431
4.1,334.4022125259431
4.11,334.4022125259431
4.12,334.4022125259431
4.13,334.4022125259431
4.14,334.4022125259431
4.15,334.4022125259431
4.16,334.4022125259431
4.17,334.4022125259431
4.18,334.4022125259431
4.19,334.4022125259431
4.2,334.4022125259431
4.21,334.4022125259431
4.22,334.4022125259431
4.23,334.4022125259431
4.24,334.4022125259431
4.25,334.4022125259431
4.26,334.4022125259431
4.2700000000000005,334.4022125259431
4.28,334.4022125259431
4.29,334.4022125259431
4.3,334.4022125259431
4.3100000000000005,334.4022125259431
4.32,334.4022125259431
4.33,334.4022125259431
4.34,334.4022125259431
4.3500000000000005,334.4022125259431
4.36,334.4022125259431
4.37,334.4022125259431
4.38,334.4022125259431
4.39,334.4022125259431
4.4,334.4022125259431
4.41,334.4022125259431
4.42,334.4022125259431
4.43,334.4022125259431
4.44,334.4022125259431
4.45,334.4022125259431
4.46,334.4022125259431
4.47,334.4022125259431
4.48,334.4022125259431
4.49,334.4022125259431
4.5,334.4022125259431
4.51,334.4022125259431
4.5200000000000005,334.4022125259431
4.53,334.4022125259431
4.54,334.4022125259431
4.55,334.4022125259431
4.5600000000000005,334.4022125259431
4.57,334.4022125259431
4.58,334.4022125259431
4.59,334.4022125259431
4.6000000000000005,336.8254288064247
4.61,336.8254288064247
4.62,336.8254288064247
4.63,336.8254288064247
4.64,334.4022125259431
4.65,334.4022125259431
4.66,334.4022125259431
4.67,320.2246557877048
4.68,145.76736165426618
4.69,0
4.7,0
4.71,150.038671380357
4.72,150.038671380357
4.73,167.20110626297156
4.74,160.1123278938524
4.75,0
4.76,254.16247773177858
4.7700000000000005,254.16247773177858
4.78,256.00424381722104
4.79,254.16247773177858
4.8,254.16247773177858
4.8100000000000005,254.16247773177858
4.82,254.16247773177858
4.83,256.00424381722104
4.84,256.00424381722104
4.8500000000000005,257.8593560989382
4.86,257.8593560989382
4.87,257.8593560989382
4.88,254.16247773177858
4.89,254.16247773177858
4.9,254.16247773177858
4.91,254.16247773177858
4.92,257.8593560989382
4.93,261.61000680017145
4.94,267.3385200084793
4.95,271.2270483237044
4.96,279.17460747780154
4.97,279.17460747780154
4.98,283.2352956496178
4.99,283.2352956496178
5.0,283.2352956496178
5.01,281.19762176597635
5.0200000000000005,281.19762176597635
5.03,281.19762176597635
5.04,281.19762176597635
5.05,281.19762176597635
5.0600000000000005,281.19762176597635
5.07,281.19762176597635
5.08,281.19762176597635
5.09,281.19762176597635
5.1000000000000005,281.19762176597635
5.11,281.19762176597635
5.12,281.19762176597635
5.13,279.17460747780154
5.14,279.17460747780154
5.15,273.1924713220765
5.16,267.3385200084793
5.17,261.61000680017145
5.18,257.8593560989382
5.19,246.92696535916497
5.2,245.15050375212843
5.21,239.89743397855878
5.22,234.75692665794614
5.23,229.72656980903736
5.24,226.4330256106141
5.25,221.58103279653565
5.26,218.4042695442296
5.2700000000000005,218.4042695442296
5.28,219.98691691276406
5.29,219.98691691276406
5.3,221.58103279653565
5.3100000000000005,224.80400313436365
5.32,224.80400313436365
5.33,224.80400313436365
5.34,224.80400313436365
5.3500000000000005,224.80400313436365
5.36,224.80400313436365
5.37,226.4330256106141
5.38,226.4330256106141
5.39,226.4330256106141
5.4,226.4330256106141
5.41,226.4330256106141
5.42,228.07385265524908
5.43,228.07385265524908
5.44,238.1715447850896
5.45,241.63582967657618
5.46,246.92696535916497
5.47,259.72791128896995
5.48,271.2270483237044
5.49,279.17460747780154
5.5,279.17460747780154
5.51,283.2352956496178
5.5200000000000005,285.28773535819766
5.53,287.35504789097007
5.54,291.5347233085324
5.55,287.35504789097007
5.5600000000000005,283.2352956496178
5.57,275.1721365856887
5.58,273.1924713220765
5.59,265.4152119720878
5.6000000000000005,256.00424381722104
5.61,252.33396182634456
5.62,252.33396182634456
5.63,246.92696535916497
5.64,246.92696535916497
5.65,246.92696535916497
5.66,246.92696535916497
5.67,250.51860077542037
5.68,250.51860077542037
5.69,250.51860077542037
5.7,250.51860077542037
5.71,241.63582967657618
5.72,241.63582967657618
5.73,245.15050375212843
5.74,239.89743397855878
5.75,239.89743397855878
5.76,241.63582967657618
5.7700000000000005,241.63582967657618
5.78,245.15050375212843
5.79,245.15050375212843
5.8,254.16247773177858
5.8100000000000005,254.16247773177858
5.82,257.8593560989382
5.83,257.8593560989382
5.84,257.8593560989382
5.8500000000000005,256.00424381722104
5.86,254.16247773177858
5.87,252.33396182634456
5.88,250.51860077542037
5.89,241.63582967657618
5.9,239.89743397855878
5.91,238.1715447850896
5.92,238.1715447850896
5.93,238.1715447850896
5.94,241.63582967657618
5.95,241.63582967657618
5.96,245.15050375212843
5.97,250.51860077542037
5.98,254.16247773177858
5.99,257.8593560989382
6.0,257.8593560989382
6.01,257.8593560989382
6.0200000000000005,257.8593560989382
6.03,252.33396182634456
6.04,250.51860077542037
6.05,241.63582967657618
6.0600000000000005,241.63582967657618
6.07,241.63582967657618
6.08,241.63582967657618
6.09,122.5752518760642
6.1000000000000005,122.5752518760642
6.11,125.25930038771017
6.12,125.25930038771017
6.13,125.25930038771017
6.140000000000001,125.25930038771017
6.15,126.16698091317228
6.16,126.16698091317228
6.17,125.25930038771017
6.18,125.25930038771017
6.19,246.92696535916497
6.2,246.92696535916497
6.21,246.92696535916497
6.22,246.92696535916497
6.23,246.92696535916497
6.24,246.92696535916497
6.25,246.92696535916497
6.26,254.16247773177858
6.2700000000000005,252.33396182634456
6.28,252.33396182634456
6.29,252.33396182634456
6.3,252.33396182634456
6.3100000000000005,252.33396182634456
6.32,0
6.33,279.17460747780154
6.34,281.19762176597635
6.3500000000000005,190.40671953101793
6.36,0
6.37,201.72889226113472
6.38,201.72889226113472
6.390000000000001,200.27759822522142
6.4,200.27759822522142
6.41,201.72889226113472
6.42,200.27759822522142
6.43,389.15216754666267
6.44,389.15216754666267
6.45,389.15216754666267
6.46,389.15216754666267
6.47,389.15216754666267
6.48,229.72656980903736
6.49,229.72656980903736
6.5,0
6.51,389.15216754666267
6.5200000000000005,0
6.53,0
6.54,0
6.55,0
6.5600000000000005,0
6.57,0
6.58,229.72656980903736
6.59,229.72656980903736
6.6000000000000005,229.72656980903736
6.61,229.72656980903736
6.62,229.72656980903736
6.63,0
6.640000000000001,0
6.65,0
6.66,0
6.67,0
6.68,0
6.69,0
6.7,0
6.71,254.16247773177858
6.72,254.16247773177858
6.73,246.92696535916497
6.74,246.92696535916497
6.75,246.92696535916497
6.76,246.92696535916497
6.7700000000000005,246.92696535916497
6.78,246.92696535916497
6.79,246.92696535916497
6.8,246.92696535916497
6.8100000000000005,246.92696535916497
6.82,250.51860077542037
6.83,250.51860077542037
6.84,250.51860077542037
6.8500000000000005,250.51860077542037
6.86,114.86328490451865
6.87,114.86328490451865
6.88,128.9296780494691
6.890000000000001,128.9296780494691
6.9,250.51860077542037
6.91,250.51860077542037
6.92,250.51860077542037
6.93,250.51860077542037
6.94,250.51860077542037
6.95,250.51860077542037
6.96,250.51860077542037
6.97,259.72791128896995
6.98,261.61000680017145
6.99,250.51860077542037
7.0,250.51860077542037
7.01,250.51860077542037
7.0200000000000005,246.92696535916497
7.03,246.92696535916497
7.04,124.35814996965287
7.05,124.35814996965287
7.0600000000000005,121.69341125321469
7.07,119.94871698927936
7.08,246.92696535916497
7.09,246.92696535916497
7.1000000000000005,241.63582967657618
7.11,245.15050375212843
7.12,283.2352956496178
7.13,275.1721365856887
7.140000000000001,275.1721365856887
7.15,275.1721365856887
7.16,275.1721365856887
7.17,275.1721365856887
7.18,275.1721365856887
7.19,275.1721365856887
7.2,275.1721365856887
7.21,275.1721365856887
7.22,275.1721365856887
7.23,275.1721365856887
7.24,275.1721365856887
7.25,275.1721365856887
7.26,275.1721365856887
7.2700000000000005,275.1721365856887
7.28,271.2270483237044
7.29,261.61000680017145
7.3,261.61000680017145
7.3100000000000005,261.61000680017145
7.32,0
7.33,0
7.34,89.21352776553782
7.3500000000000005,0
7.36,0
7.37,0
7.38,0
7.390000000000001,0
7.4,0
7.41,0
7.42,0
7.43,0
7.44,169.63310235549096
7.45,169.63310235549096
7.46,0
7.47,0
7.48,0
7.49,0
7.5,0
7.51,0
7.5200000000000005,0
7.53,0
7.54,0
7.55,150.038671380357
7.5600000000000005,300.077342760714
7.57,295.7751935049732
7.58,295.7751935049732
7.59,295.7751935049732
7.6000000000000005,295.7751935049732
7.61,293.64730409114946
7.62,293.64730409114946
7.63,291.5347233085324
7.640000000000001,291.5347233085324
7.65,291.5347233085324
7.66,291.5347233085324
7.67,293.64730409114946
7.68,293.64730409114946
7.69,295.7751935049732
7.7,295.7751935049732
7.71,295.7751935049732
7.72,295.7751935049732
7.73,295.7751935049732
7.74,295.7751935049732
7.75,295.7751935049732
7.76,295.7751935049732
7.7700000000000005,295.7751935049732
7.78,295.7751935049732
7.79,295.7751935049732
7.8,295.7751935049732
7.8100000000000005,295.7751935049732
7.82,295.7751935049732
7.83,295.7751935049732
7.84,291.5347233085324
7.8500000000000005,291.5347233085324
7.86,291.5347233085324
7.87,291.5347233085324
7.88,293.64730409114946
7.890000000000001,295.7751935049732
7.9,295.7751935049732
7.91,295.7751935049732
7.92,295.7751935049732
7.930000000000001,295.7751935049732
7.94,295.7751935049732
7.95,295.7751935049732
7.96,295.7751935049732
7.97,293.64730409114946
7.98,293.64730409114946
7.99,285.28773535819766
8.0,279.17460747780154
8.01,279.17460747780154
8.02,271.2270483237044
8.03,257.8593560989382
8.040000000000001,257.8593560989382
8.05,254.16247773177858
8.06,254.16247773177858
8.07,246.92696535916497
8.08,246.92696535916497
8.09,246.92696535916497
8.1,250.51860077542037
8.11,250.51860077542037
8.120000000000001,254.16247773177858
8.13,254.16247773177858
8.14,252.33396182634456
8.15,252.33396182634456
8.16,254.16247773177858
8.17,254.16247773177858
8.18,254.16247773177858
8.19,254.16247773177858
8.2,254.16247773177858
8.21,254.16247773177858
8.22,254.16247773177858
8.23,254.16247773177858
8.24,254.16247773177858
8.25,252.33396182634456
8.26,254.16247773177858
8.27,254.16247773177858
8.28,254.16247773177858
8.290000000000001,250.51860077542037
8.3,250.51860077542037
8.31,250.51860077542037
8.32,250.51860077542037
8.33,250.51860077542037
8.34,245.15050375212843
8.35,245.15050375212843
8.36,245.15050375212843
8.370000000000001,229.72656980903736
8.38,229.72656980903736
8.39,226.4330256106141
8.4,224.80400313436365
8.41,224.80400313436365
8.42,0
8.43,177.1434014216652
8.44,177.1434014216652
8.45,224.80400313436365
8.46,229.72656980903736
8.47,197.40625808264608
8.48,0
8.49,285.28773535819766
8.5,285.28773535819766
8.51,283.2352956496178
8.52,275.1721365856887
8.53,275.1721365856887
8.540000000000001,271.2270483237044
8.55,271.2270483237044
8.56,271.2270483237044
8.57,273.1924713220765
8.58,275.1721365856887
8.59,275.1721365856887
8.6,275.1721365856887
8.61,275.1721365856887
8.620000000000001,275.1721365856887
8.63,275.1721365856887
8.64,275.1721365856887
8.65,275.1721365856887
8.66,275.1721365856887
8.67,275.1721365856887
8.68,275.1721365856887
8.69,275.1721365856887
8.700000000000001,275.1721365856887
8.71,275.1721365856887
8.72,275.1721365856887
8.73,271.2270483237044
8.74,271.2270483237044
8.75,271.2270483237044
8.76,267.3385200084793
8.77,267.3385200084793
8.78,0
8.790000000000001,169.63310235549096
8.8,182.33409928995593
8.81,182.33409928995593
8.82,178.42705553107564
8.83,0
8.84,241.63582967657618
8.85,234.75692665794614
8.86,239.89743397855878
8.870000000000001,238.1715447850896
8.88,246.92696535916497
8.89,246.92696535916497
8.9,231.3912632326111
8.91,291.5347233085324
8.92,291.5347233085324
8.93,291.5347233085324
8.94,291.5347233085324
8.950000000000001,291.5347233085324
8.96,291.5347233085324
8.97,291.5347233085324
8.98,295.7751935049732
8.99,295.7751935049732
9.0,295.7751935049732
9.01,295.7751935049732
9.02,295.7751935049732
9.03,295.7751935049732
9.040000000000001,295.7751935049732
9.05,295.7751935049732
9.06,295.7751935049732
9.07,295.7751935049732
9.08,295.7751935049732
9.09,295.7751935049732
9.1,295.7751935049732
9.11,293.64730409114946
9.120000000000001,287.35504789097007
9.13,283.2352956496178
9.14,279.17460747780154
9.15,271.2270483237044
9.16,257.8593560989382
9.17,256.00424381722104
9.18,256.00424381722104
9.19,256.00424381722104
9.200000000000001,256.00424381722104
9.21,254.16247773177858
9.22,250.51860077542037
9.23,245.15050375212843
9.24,245.15050375212843
9.25,241.63582967657618
9.26,241.63582967657618
9.27,241.63582967657618
9.28,241.63582967657618
9.290000000000001,241.63582967657618
9.3,245.15050375212843
9.31,246.92696535916497
9.32,245.15050375212843
9.33,245.15050375212843
9.34,241.63582967657618
9.35,241.63582967657618
9.36,245.15050375212843
9.370000000000001,246.92696535916497
9.38,246.92696535916497
9.39,245.15050375212843
9.4,245.15050375212843
9.41,245.15050375212843
9.42,245.15050375212843
9.43,245.15050375212843
9.44,245.15050375212843
9.450000000000001,245.15050375212843
9.46,245.15050375212843
9.47,245.15050375212843
9.48,245.15050375212843
9.49,245.15050375212843
9.5,245.15050375212843
9.51,245.15050375212843
9.52,246.92696535916497
9.53,246.92696535916497
9.540000000000001,245.15050375212843
9.55,245.15050375212843
9.56,245.15050375212843
9.57,245.15050375212843
9.58,245.15050375212843
9.59,245.15050375212843
9.6,245.15050375212843
9.61,246.92696535916497
9.620000000000001,246.92696535916497
9.63,246.92696535916497
9.64,120.81791483828809
9.65,120.81791483828809
9.66,121.69341125321469
9.67,121.69341125321469
9.68,115.69563161630555
9.69,119.08577239254483
9.700000000000001,123.46348267958248
9.71,123.46348267958248
9.72,114.86328490451865
9.73,115.69563161630555
9.74,115.69563161630555
9.75,118.22903606043971
9.76,130.80500340008572
9.77,114.86328490451865
9.78,129.86395564448497
9.790000000000001,129.86395564448497
9.8,127.0812388658893
9.81,127.0812388658893
9.82,119.94871698927936
9.83,119.94871698927936
9.84,136.59623566103824
9.85,136.59623566103824
9.86,136.59623566103824
9.870000000000001,239.89743397855878
9.88,239.89743397855878
9.89,239.89743397855878
9.9,246.92696535916497
9.91,250.51860077542037
9.92,250.51860077542037
9.93,254.16247773177858
9.94,250.51860077542037
9.950000000000001,254.16247773177858
9.96,254.16247773177858
9.97,239.89743397855878
9.98,246.92696535916497
9.99,246.92696535916497
10.0,246.92696535916497
10.01,246.92696535916497
10.02,246.92696535916497
10.03,246.92696535916497
10.040000000000001,246.92696535916497
10.05,254.16247773177858
10.06,254.16247773177858
10.07,254.16247773177858
10.08,257.8593560989382
10.09,257.8593560989382
10.1,271.2270483237044
10.11,271.2270483237044
10.120000000000001,273.1924713220765
10.13,281.19762176597635
10.14,281.19762176597635
10.15,281.19762176597635
10.16,281.19762176597635
10.17,281.19762176597635
10.18,279.17460747780154
10.19,279.17460747780154
10.200000000000001,279.17460747780154
10.21,279.17460747780154
10.22,279.17460747780154
10.23,279.17460747780154
10.24,279.17460747780154
10.25,279.17460747780154
10.26,279.17460747780154
10.27,279.17460747780154
10.28,281.19762176597635
10.290000000000001,281.19762176597635
10.3,281.19762176597635
10.31,279.17460747780154
10.32,279.17460747780154
10.33,275.1721365856887
10.34,271.2270483237044
10.35,271.2270483237044
10.36,275.1721365856887
10.370000000000001,279.17460747780154
10.38,283.2352956496178
10.39,291.5347233085324
10.4,293.64730409114946
10.41,295.7751935049732
10.42,295.7751935049732
10.43,295.7751935049732
10.44,295.7751935049732
10.450000000000001,295.7751935049732
10.46,295.7751935049732
10.47,295.7751935049732
10.48,295.7751935049732
10.49,295.7751935049732
10.5,295.7751935049732
10.51,295.7751935049732
10.52,291.5347233085324
10.53,291.5347233085324
10.540000000000001,291.5347233085324
10.55,291.5347233085324
10.56,291.5347233085324
10.57,291.5347233085324
10.58,295.7751935049732
10.59,295.7751935049732
10.6,295.7751935049732
10.61,295.7751935049732
10.620000000000001,295.7751935049732
10.63,295.7751935049732
10.64,295.7751935049732
10.65,293.64730409114946
10.66,291.5347233085324
10.67,291.5347233085324
10.68,291.5347233085324
10.69,291.5347233085324
10.700000000000001,291.5347233085324
10.71,285.28773535819766
10.72,285.28773535819766
10.73,285.28773535819766
10.74,279.17460747780154
10.75,275.1721365856887
10.76,275.1721365856887
10.77,0
10.78,0
10.790000000000001,0
10.8,151.12591344267588
10.81,143.67752394548504
10.82,150.038671380357
10.83,150.038671380357
10.84,150.038671380357
10.85,147.88759675248662
10.86,147.88759675248662
10.870000000000001,145.76736165426618
10.88,144.71867051127512
10.89,421.3203866928548
10.9,421.3203866928548
10.91,145.76736165426618
10.92,145.76736165426618
10.93,421.3203866928548
10.94,145.76736165426618
10.950000000000001,147.88759675248662
10.96,147.88759675248662
10.97,150.038671380357
10.98,150.038671380357
10.99,150.038671380357
11.0,150.038671380357
11.01,151.12591344267588
11.02,151.12591344267588
11.03,151.12591344267588
11.040000000000001,151.12591344267588
11.05,150.038671380357
11.06,150.038671380357
11.07,151.12591344267588
11.08,152.22103410916532
11.09,151.12591344267588
11.1,150.038671380357
11.11,148.95925124132802
11.120000000000001,150.038671380357
11.13,150.038671380357
11.14,150.038671380357
11.15,150.038671380357
11.16,151.12591344267588
11.17,151.12591344267588
11.18,152.22103410916532
11.19,153.3240904714388
11.200000000000001,153.3240904714388
11.21,155.55424072133707
11.22,155.55424072133707
11.23,151.12591344267588
11.24,150.038671380357
11.25,150.038671380357
11.26,148.95925124132802
11.27,155.55424072133707
11.28,142.6438676790988
11.290000000000001,144.71867051127512
11.3,144.71867051127512
11.31,129.86395564448497
11.32,129.86395564448497
11.33,129.86395564448497
11.34,129.86395564448497
11.35,129.86395564448497
11.36,129.86395564448497
11.370000000000001,129.86395564448497
11.38,129.86395564448497
11.39,129.86395564448497
11.4,129.86395564448497
11.41,129.86395564448497
11.42,129.86395564448497
11.43,129.86395564448497
11.44,129.86395564448497
11.450000000000001,129.86395564448497
11.46,129.86395564448497
11.47,129.86395564448497
11.48,129.86395564448497
11.49,129.86395564448497
11.5,129.86395564448497
11.51,129.86395564448497
11.52,129.86395564448497
11.53,129.86395564448497
11.540000000000001,129.86395564448497
11.55,129.86395564448497
11.56,129.86395564448497
11.57,129.86395564448497
11.58,129.86395564448497
11.59,129.86395564448497
11.6,129.86395564448497
11.61,130.80500340008572
11.620000000000001,136.59623566103824
11.63,136.59623566103824
11.64,133.66926000423965
11.65,0
11.66,0
11.67,0
11.68,0
11.69,0
11.700000000000001,469.5138533158923
11.71,469.5138533158923
11.72,469.5138533158923
11.73,469.5138533158923
11.74,469.5138533158923
11.75,483.27165935315236
11.76,483.27165935315236
11.77,483.27165935315236
11.78,483.27165935315236
11.790000000000001,483.27165935315236
11.8,483.27165935315236
11.81,483.27165935315236
11.82,483.27165935315236
11.83,483.27165935315236
11.84,483.27165935315236
11.85,483.27165935315236
11.86,483.27165935315236
11.870000000000001,0
11.88,210.6601933464274
11.89,210.6601933464274
11.9,210.6601933464274
11.91,209.1446450341298
11.92,210.6601933464274
11.93,210.6601933464274
11.94,209.1446450341298
11.950000000000001,209.1446450341298
11.96,209.1446450341298
11.97,209.1446450341298
11.98,209.1446450341298
11.99,209.1446450341298
12.0,210.6601933464274
12.01,210.6601933464274
12.02,210.6601933464274
12.030000000000001,213.72431641665463
12.040000000000001,104.57232251706493
12.05,213.72431641665463
12.06,213.72431641665463
12.07,0
12.08,0
12.09,120.81791483828809
12.1,167.20110626297156
12.11,228.07385265524908
12.120000000000001,246.92696535916497
12.13,246.92696535916497
12.14,245.15050375212843
12.15,96.58812452047586
12.16,96.58812452047586
12.17,221.58103279653565
12.18,221.58103279653565
12.19,224.80400313436365
12.200000000000001,224.80400313436365
12.21,112.40200156718183
12.22,254.16247773177858
12.23,229.72656980903736
12.24,0
12.25,0
12.26,252.33396182634456
12.27,0
12.280000000000001,0
12.290000000000001,110.79051639826783
12.3,0
12.31,0
12.32,0
12.33,0
12.34,119.08577239254483
12.35,119.08577239254483
12.36,115.69563161630555
12.370000000000001,115.69563161630555
12.38,0
12.39,0
12.4,0
12.41,118.22903606043971
12.42,0
12.43,0
12.44,0
12.450000000000001,0
12.46,0
12.47,241.63582967657618
12.48,241.63582967657618
12.49,241.63582967657618
12.5,0
12.51,0
12.52,0
12.530000000000001,0
12.540000000000001,0
12.55,0
12.56,0
12.57,0
12.58,0
12.59,0
12.6,160.1123278938524
12.61,0
12.620000000000001,172.10047264574283
12.63,172.10047264574283
12.64,172.10047264574283
12.65,0
12.66,0
12.67,186.3266961668226
12.68,0
12.69,0
12.700000000000001,0
12.71,0
12.72,0
12.73,0
12.74,0
12.75,0
12.76,0
12.77,0
12.780000000000001,0
12.790000000000001,0
12.8,0
12.81,0
12.82,267.3385200084793
12.83,275.1721365856887
12.84,281.19762176597635
12.85,285.28773535819766
12.86,285.28773535819766
12.870000000000001,285.28773535819766
12.88,281.19762176597635
12.89,281.19762176597635
12.9,281.19762176597635
12.91,281.19762176597635
12.92,281.19762176597635
12.93,281.19762176597635
12.94,281.19762176597635
12.950000000000001,285.28773535819766
12.96,287.35504789097007
12.97,285.28773535819766
12.98,285.28773535819766
12.99,285.28773535819766
13.0,291.5347233085324
13.01,291.5347233085324
13.02,295.7751935049732
13.030000000000001,300.077342760714
13.040000000000001,300.077342760714
13.05,295.7751935049732
13.06,295.7751935049732
13.07,295.7751935049732
13.08,295.7751935049732
13.09,302.25182688535176
13.1,300.077342760714
13.11,302.25182688535176
13.120000000000001,302.25182688535176
13.13,302.25182688535176
13.14,302.25182688535176
13.15,302.25182688535176
13.16,302.25182688535176
13.17,302.25182688535176
13.18,302.25182688535176
13.19,302.25182688535176
13.200000000000001,302.25182688535176
13.21,302.25182688535176
13.22,300.077342760714
13.23,300.077342760714
13.24,313.3629017454983
13.25,327.2366626782015
13.26,334.4022125259431
13.27,339.266204710982
13.280000000000001,351.73796455742075
13.290000000000001,354.28680284333046
13.3,354.28680284333046
13.31,354.28680284333046
13.32,351.73796455742075
13.33,346.69516722885635
13.34,344.2009452914856
13.35,339.266204710982
13.36,339.266204710982
13.370000000000001,339.266204710982
13.38,336.8254288064247
13.39,339.266204710982
13.4,334.4022125259431
13.41,334.4022125259431
13.42,329.6079544306769
13.43,313.3629017454983
13.44,313.3629017454983
13.450000000000001,306.6481809428776
13.46,302.25182688535176
13.47,293.64730409114946
13.48,293.64730409114946
13.49,300.077342760714
13.5,300.077342760714
13.51,295.7751935049732
13.52,295.7751935049732
13.530000000000001,295.7751935049732
13.540000000000001,295.7751935049732
13.55,295.7751935049732
13.56,295.7751935049732
13.57,295.7751935049732
13.58,295.7751935049732
13.59,295.7751935049732
13.6,295.7751935049732
13.61,295.7751935049732
13.620000000000001,293.64730409114946
13.63,293.64730409114946
13.64,293.64730409114946
13.65,293.64730409114946
13.66,300.077342760714
13.67,304.4420682183307
13.68,313.3629017454983
13.69,320.2246557877048
13.700000000000001,327.2366626782015
13.71,329.6079544306769
13.72,336.8254288064247
13.73,339.266204710982
13.74,339.266204710982
13.75,339.266204710982
13.76,339.266204710982
13.77,339.266204710982
13.780000000000001,334.4022125259431
13.790000000000001,334.4022125259431
13.8,334.4022125259431
13.81,334.4022125259431
13.82,334.4022125259431
13.83,339.266204710982
13.84,339.266204710982
13.85,334.4022125259431
13.86,334.4022125259431
13.870000000000001,322.5451356477362
13.88,322.5451356477362
13.89,327.2366626782015
13.9,327.2366626782015
13.91,327.2366626782015
13.92,327.2366626782015
13.93,334.4022125259431
13.94,334.4022125259431
13.950000000000001,339.266204710982
13.96,339.266204710982
13.97,334.4022125259431
13.98,334.4022125259431
13.99,0
14.0,0
14.01,0
14.02,354.28680284333046
14.030000000000001,354.28680284333046
14.040000000000001,364.66819857991186
14.05,380.81343906203585
14.06,380.81343906203585
14.07,380.81343906203585
14.08,380.81343906203585
14.09,380.81343906203585
14.1,380.81343906203585
14.11,380.81343906203585
14.120000000000001,380.81343906203585
14.13,375.3537924310564
14.14,372.6533923336452
14.15,372.6533923336452
14.16,372.6533923336452
14.17,372.6533923336452
14.18,372.6533923336452
14.19,372.6533923336452
14.200000000000001,372.6533923336452
14.21,372.6533923336452
14.22,372.6533923336452
14.23,372.6533923336452
14.24,372.6533923336452
14.25,372.6533923336452
14.26,372.6533923336452
14.27,372.6533923336452
14.280000000000001,372.6533923336452
14.290000000000001,372.6533923336452
14.3,372.6533923336452
14.31,372.6533923336452
14.32,372.6533923336452
14.33,372.6533923336452
14.34,372.6533923336452
14.35,372.6533923336452
14.36,372.6533923336452
14.370000000000001,372.6533923336452
14.38,372.6533923336452
14.39,372.6533923336452
14.4,372.6533923336452
14.41,372.6533923336452
14.42,372.6533923336452
14.43,372.6533923336452
14.44,372.6533923336452
14.450000000000001,372.6533923336452
14.46,372.6533923336452
14.47,372.6533923336452
14.48,372.6533923336452
14.49,372.6533923336452
14.5,372.6533923336452
14.51,372.6533923336452
14.52,372.6533923336452
14.530000000000001,372.6533923336452
14.540000000000001,372.6533923336452
14.55,372.6533923336452
14.56,380.81343906203585
14.57,380.81343906203585
14.58,380.81343906203585
14.59,380.81343906203585
14.6,380.81343906203585
14.61,380.81343906203585
14.620000000000001,380.81343906203585
14.63,375.3537924310564
14.64,372.6533923336452
14.65,372.6533923336452
14.66,372.6533923336452
14.67,372.6533923336452
14.68,372.6533923336452
14.69,380.81343906203585
14.700000000000001,380.81343906203585
14.71,380.81343906203585
14.72,380.81343906203585
14.73,386.35249808190343
14.74,380.81343906203585
14.75,380.81343906203585
14.76,375.3537924310564
14.77,372.6533923336452
14.780000000000001,367.3107346716974
14.790000000000001,364.66819857991186
14.8,364.66819857991186
14.81,346.69516722885635
14.82,344.2009452914856
14.83,334.4022125259431
14.84,334.4022125259431
14.85,320.2246557877048
14.86,320.2246557877048
14.870000000000001,317.9208701083809
14.88,317.9208701083809
14.89,313.3629017454983
14.9,313.3629017454983
14.91,311.1084814426742
14.92,311.1084814426742
14.93,311.1084814426742
14.94,313.3629017454983
14.950000000000001,306.6481809428776
14.96,306.6481809428776
14.97,306.6481809428776
14.98,306.6481809428776
14.99,306.6481809428776
15.0,306.6481809428776
15.01,306.6481809428776
15.02,306.6481809428776
15.030000000000001,306.6481809428776
15.040000000000001,306.6481809428776
15.05,311.1084814426742
15.06,311.1084814426742
15.07,311.1084814426742
15.08,313.3629017454983
15.09,311.1084814426742
15.1,311.1084814426742
15.11,293.64730409114946
15.120000000000001,285.28773535819766
15.13,275.1721365856887
15.14,269.2757651277356
15.15,257.8593560989382
15.16,254.16247773177858
15.17,241.63582967657618
15.18,241.63582967657618
15.19,241.63582967657618
15.200000000000001,241.63582967657618
15.21,241.63582967657618
15.22,241.63582967657618
15.23,241.63582967657618
15.24,241.63582967657618
15.25,245.15050375212843
15.26,250.51860077542037
15.27,250.51860077542037
15.280000000000001,254.16247773177858
15.290000000000001,252.33396182634456
15.3,250.51860077542037
15.31,250.51860077542037
15.32,250.51860077542037
15.33,250.51860077542037
15.34,250.51860077542037
15.35,250.51860077542037
15.36,250.51860077542037
15.370000000000001,250.51860077542037
15.38,254.16247773177858
15.39,254.16247773177858
15.4,254.16247773177858
15.41,254.16247773177858
15.42,254.16247773177858
15.43,254.16247773177858
15.44,254.16247773177858
15.450000000000001,254.16247773177858
15.46,254.16247773177858
15.47,254.16247773177858
15.48,252.33396182634456
15.49,0
15.5,116.5340098554791
15.51,114.03692632762454
15.52,112.40200156718183
15.530000000000001,0
15.540000000000001,0
15.55,0
15.56,0
15.57,0
15.58,0
15.59,0
15.6,0
15.610000000000001,0
15.620000000000001,0
15.63,0
15.64,0
15.65,0
15.66,0
15.67,295.7751935049732
15.68,295.7751935049732
15.69,281.19762176597635
15.700000000000001,281.19762176597635
15.71,281.19762176597635
15.72,281.19762176597635
15.73,281.19762176597635
15.74,281.19762176597635
15.75,281.19762176597635
15.76,281.19762176597635
15.77,281.19762176597635
15.780000000000001,281.19762176597635
15.790000000000001,281.19762176597635
15.8,281.19762176597635
15.81,281.19762176597635
15.82,281.19762176597635
15.83,281.19762176597635
15.84,281.19762176597635
15.85,281.19762176597635
15.860000000000001,281.19762176597635
15.870000000000001,281.19762176597635
15.88,281.19762176597635
15.89,281.19762176597635
15.9,281.19762176597635
15.91,281.19762176597635
15.92,281.19762176597635
15.93,281.19762176597635
15.94,281.19762176597635
15.950000000000001,281.19762176597635
15.96,281.19762176597635
15.97,281.19762176597635
15.98,281.19762176597635
15.99,281.19762176597635
16.0,281.19762176597635
16.01,281.19762176597635
16.02,281.19762176597635
16.03,281.19762176597635
16.04,281.19762176597635
16.05,285.28773535819766
16.06,285.28773535819766
16.07,285.28773535819766
16.080000000000002,285.28773535819766
16.09,281.19762176597635
16.1,281.19762176597635
16.11,279.17460747780154
16.12,281.19762176597635
16.13,0
16.14,0
16.15,0
16.16,0
16.17,0
16.18,0
16.19,0
16.2,0
16.21,119.94871698927936
16.22,163.61833133910076
16.23,163.61833133910076
16.240000000000002,119.94871698927936
16.25,119.94871698927936
16.26,119.94871698927936
16.27,119.94871698927936
16.28,114.03692632762454
16.29,114.03692632762454
16.3,114.03692632762454
16.31,114.03692632762454
16.32,112.40200156718183
16.330000000000002,112.40200156718183
16.34,112.40200156718183
16.35,108.41650409161409
16.36,112.40200156718183
16.37,221.58103279653565
16.38,112.40200156718183
16.39,112.40200156718183
16.4,112.40200156718183
16.41,112.40200156718183
16.42,112.40200156718183
16.43,221.58103279653565
16.44,109.99345845638203
16.45,109.99345845638203
16.46,221.58103279653565
16.47,221.58103279653565
16.48,221.58103279653565
16.490000000000002,112.40200156718183
16.5,112.40200156718183
16.51,0
16.52,0
16.53,94.51844018518561
16.54,259.72791128896995
16.55,259.72791128896995
16.56,259.72791128896995
16.57,259.72791128896995
16.580000000000002,0
16.59,0
16.6,0
16.61,0
16.62,0
16.63,0
16.64,0
16.65,0
16.66,0
16.67,0
16.68,0
16.69,257.8593560989382
16.7,254.16247773177858
16.71,231.3912632326111
16.72,0
16.73,0
16.740000000000002,0
16.75,0
16.76,97.28804188666567
16.77,97.28804188666567
16.78,0
16.79,0
16.8,0
16.81,0
16.82,0
16.830000000000002,0
16.84,0
16.85,0
16.86,0
16.87,0
16.88,0
16.89,0
16.9,0
16.91,0
16.92,0
16.93,0
16.94,0
16.95,0
16.96,0
16.97,0
16.98,0
16.990000000000002,0
17.0,0
17.01,0
17.02,0
17.03,0
17.04,0
17.05,0
17.06,0
17.07,0
17.080000000000002,0
17.09,0
17.1,364.66819857991186
17.11,364.66819857991186
17.12,164.80397721533848
17.13,0
17.14,386.35249808190343
17.150000000000002,173.34758361442815
17.16,173.34758361442815
17.17,0
17.18,0
17.19,0
17.2,0
17.21,0
17.22,0
17.23,0
17.240000000000002,0
17.25,0
17.26,0
17.27,0
17.28,0
17.29,0
17.3,0
17.31,0
17.32,0
17.330000000000002,0
17.34,0
17.35,0
17.36,0
17.37,0
17.38,0
17.39,0
17.400000000000002,0
17.41,0
17.42,0
17.43,0
17.44,0
17.45,261.61000680017145
17.46,273.1924713220765
17.47,267.3385200084793
17.48,271.2270483237044
17.490000000000002,271.2270483237044
17.5,273.1924713220765
17.51,279.17460747780154
17.52,279.17460747780154
17.53,281.19762176597635
17.54,283.2352956496178
17.55,283.2352956496178
17.56,285.28773535819766
17.57,285.28773535819766
17.580000000000002,285.28773535819766
17.59,285.28773535819766
17.6,285.28773535819766
17.61,285.28773535819766
17.62,283.2352956496178
17.63,283.2352956496178
17.64,283.2352956496178
17.650000000000002,285.28773535819766
17.66,287.35504789097007
17.67,287.35504789097007
17.68,291.5347233085324
17.69,291.5347233085324
17.7,281.19762176597635
17.71,285.28773535819766
17.72,287.35504789097007
17.73,306.6481809428776
17.740000000000002,304.4420682183307
17.75,306.6481809428776
17.76,306.6481809428776
17.77,304.4420682183307
17.78,304.4420682183307
17.79,302.25182688535176
17.8,295.7751935049732
17.81,295.7751935049732
17.82,295.7751935049732
17.830000000000002,300.077342760714
17.84,302.25182688535176
17.85,306.6481809428776
17.86,306.6481809428776
17.87,306.6481809428776
17.88,306.6481809428776
17.89,304.4420682183307
17.900000000000002,293.64730409114946
17.91,291.5347233085324
17.92,285.28773535819766
17.93,285.28773535819766
17.94,271.2270483237044
17.95,267.3385200084793
17.96,275.1721365856887
17.97,271.2270483237044
17.98,281.19762176597635
17.990000000000002,285.28773535819766
18.0,285.28773535819766
18.01,293.64730409114946
18.02,293.64730409114946
18.03,300.077342760714
18.04,302.25182688535176
18.05,302.25182688535176
18.06,302.25182688535176
18.07,302.25182688535176
18.080000000000002,302.25182688535176
18.09,304.4420682183307
18.1,311.1084814426742
18.11,313.3629017454983
18.12,317.9208701083809
18.13,320.2246557877048
18.14,322.5451356477362
18.150000000000002,327.2366626782015
18.16,329.6079544306769
18.17,329.6079544306769
18.18,334.4022125259431
18.19,334.4022125259431
18.2,334.4022125259431
18.21,334.4022125259431
18.22,334.4022125259431
18.23,320.2246557877048
18.240000000000002,313.3629017454983
18.25,311.1084814426742
18.26,311.1084814426742
18.27,291.5347233085324
18.28,285.28773535819766
18.29,0
18.3,254.16247773177858
18.31,0
18.32,0
18.330000000000002,0
18.34,0
18.35,261.61000680017145
18.36,261.61000680017145
18.37,257.8593560989382
18.38,257.8593560989382
18.39,257.8593560989382
18.400000000000002,257.8593560989382
18.41,257.8593560989382
18.42,256.00424381722104
18.43,257.8593560989382
18.44,259.72791128896995
18.45,259.72791128896995
18.46,265.4152119720878
18.47,267.3385200084793
18.48,271.2270483237044
18.490000000000002,273.1924713220765
18.5,275.1721365856887
18.51,279.17460747780154
18.52,281.19762176597635
18.53,281.19762176597635
18.54,281.19762176597635
18.55,279.17460747780154
18.56,275.1721365856887
18.57,273.1924713220765
18.580000000000002,261.61000680017145
18.59,257.8593560989382
18.6,257.8593560989382
18.61,248.7162999393057
18.62,234.75692665794614
18.63,229.72656980903736
18.64,226.4330256106141
18.650000000000002,224.80400313436365
18.66,218.4042695442296
18.67,218.4042695442296
18.68,216.83300818322817
18.69,216.83300818322817
18.7,215.2730509156391
18.71,216.83300818322817
18.72,215.2730509156391
18.73,215.2730509156391
18.740000000000002,215.2730509156391
18.75,216.83300818322817
18.76,213.72431641665463
18.77,212.18672394654075
18.78,218.4042695442296
18.79,221.58103279653565
18.8,221.58103279653565
18.81,221.58103279653565
18.82,219.98691691276406
18.830000000000002,219.98691691276406
18.84,219.98691691276406
18.85,219.98691691276406
18.86,219.98691691276406
18.87,219.98691691276406
18.88,221.58103279653565
18.89,219.98691691276406
18.900000000000002,219.98691691276406
18.91,218.4042695442296
18.92,216.83300818322817
18.93,218.4042695442296
18.94,218.4042695442296
18.95,218.4042695442296
18.96,218.4042695442296
18.97,218.4042695442296
18.98,221.58103279653565
18.990000000000002,224.80400313436365
19.0,229.72656980903736
19.01,234.75692665794614
19.02,245.15050375212843
19.03,245.15050375212843
19.04,250.51860077542037
19.05,250.51860077542037
19.06,250.51860077542037
19.07,250.51860077542037
19.080000000000002,246.92696535916497
19.09,246.92696535916497
19.1,246.92696535916497
19.11,246.92696535916497
19.12,246.92696535916497
19.13,246.92696535916497
19.14,122.5752518760642
19.150000000000002,122.5752518760642
19.16,122.5752518760642
19.17,122.5752518760642
19.18,246.92696535916497
19.19,246.92696535916497
19.2,246.92696535916497
19.21,246.92696535916497
19.22,246.92696535916497
19.23,246.92696535916497
19.240000000000002,246.92696535916497
19.25,246.92696535916497
19.26,246.92696535916497
19.27,246.92696535916497
19.28,250.51860077542037
19.29,250.51860077542037
19.3,250.51860077542037
19.31,254.16247773177858
19.32,254.16247773177858
19.330000000000002,254.16247773177858
19.34,254.16247773177858
19.35,254.16247773177858
19.36,254.16247773177858
19.37,254.16247773177858
19.38,0
19.39,0
19.400000000000002,168.4127144032124
19.41,229.72656980903736
19.42,0
19.43,204.66310656564855
19.44,204.66310656564855
19.45,201.72889226113472
19.46,218.4042695442296
19.47,218.4042695442296
19.48,207.64
19.490000000000002,207.64
19.5,224.80400313436365
19.51,224.80400313436365
19.52,224.80400313436365
19.53,224.80400313436365
19.54,221.58103279653565
19.55,221.58103279653565
19.56,409.32621313129704
19.57,421.3203866928548
19.580000000000002,421.3203866928548
19.59,421.3203866928548
19.6,421.3203866928548
19.61,421.3203866928548
19.62,421.3203866928548
19.63,421.3203866928548
19.64,421.3203866928548
19.650000000000002,421.3203866928548
19.66,421.3203866928548
19.67,421.3203866928548
19.68,421.3203866928548
19.69,421.3203866928548
19.7,421.3203866928548
19.71,421.3203866928548
19.72,421.3203866928548
19.73,421.3203866928548
19.740000000000002,421.3203866928548
19.75,209.1446450341298
19.76,209.1446450341298
19.77,209.1446450341298
19.78,210.6601933464274
19.79,218.4042695442296
19.8,218.4042695442296
19.81,218.4042695442296
19.82,218.4042695442296
19.830000000000002,212.18672394654075
19.84,212.18672394654075
19.85,209.1446450341298
19.86,209.1446450341298
19.87,0
19.88,0
19.89,177.1434014216652
19.900000000000002,151.12591344267588
19.91,210.6601933464274
19.92,210.6601933464274
19.93,210.6601933464274
19.94,210.6601933464274
19.95,209.1446450341298
19.96,106.09336197327038
19.97,204.66310656564855
19.98,406.38140594378007
19.990000000000002,0
20.0,0
20.01,0
20.02,0
20.03,0
20.04,0
20.05,0
20.06,0
20.07,0
20.080000000000002,0
20.09,0
20.1,167.20110626297156
20.11,0
20.12,221.58103279653565
20.13,433.66601636645635
20.14,433.66601636645635
20.150000000000002,433.66601636645635
20.16,433.66601636645635
20.17,221.58103279653565
20.18,221.58103279653565
20.19,221.58103279653565
20.2,221.58103279653565
20.21,456.14770531049817
20.22,229.72656980903736
20.23,287.35504789097007
20.240000000000002,287.35504789097007
20.25,250.51860077542037
20.26,250.51860077542037
20.27,250.51860077542037
20.28,250.51860077542037
20.29,250.51860077542037
20.3,250.51860077542037
20.31,250.51860077542037
20.32,0
20.330000000000002,0
20.34,112.40200156718183
20.35,112.40200156718183
20.36,112.40200156718183
20.37,112.40200156718183
20.38,112.40200156718183
20.39,0
20.400000000000002,0
20.41,0
20.42,0
20.43,0
20.44,167.20110626297156
20.45,0
20.46,0
20.47,0
20.48,212.18672394654075
20.490000000000002,164.80397721533848
20.5,0
20.51,0
20.52,0
20.53,169.63310235549096
20.54,0
20.55,164.80397721533848
20.56,0
20.57,161.27256782386812
20.580000000000002,267.3385200084793
20.59,257.8593560989382
20.6,257.8593560989382
20.61,254.16247773177858
20.62,254.16247773177858
20.63,246.92696535916497
20.64,246.92696535916497
20.650000000000002,241.63582967657618
20.66,241.63582967657618
20.67,241.63582967657618
20.68,246.92696535916497
20.69,246.92696535916497
20.7,246.92696535916497
20.71,246.92696535916497
20.72,246.92696535916497
20.73,250.51860077542037
20.740000000000002,250.51860077542037
20.75,250.51860077542037
20.76,250.51860077542037
20.77,250.51860077542037
20.78,250.51860077542037
20.79,246.92696535916497
20.8,246.92696535916497
20.81,246.92696535916497
20.82,246.92696535916497
20.830000000000002,246.92696535916497
20.84,246.92696535916497
20.85,246.92696535916497
20.86,246.92696535916497
20.87,246.92696535916497
20.88,246.92696535916497
20.89,246.92696535916497
20.900000000000002,241.63582967657618
20.91,241.63582967657618
20.92,241.63582967657618
20.93,241.63582967657618
20.94,241.63582967657618
20.95,241.63582967657618
20.96,254.16247773177858
20.97,256.00424381722104
20.98,257.8593560989382
20.990000000000002,257.8593560989382
21.0,257.8593560989382
21.01,257.8593560989382
21.02,257.8593560989382
21.03,257.8593560989382
21.04,252.33396182634456
21.05,245.15050375212843
21.06,245.15050375212843
21.07,245.15050375212843
21.080000000000002,245.15050375212843
21.09,245.15050375212843
21.1,246.92696535916497
21.11,246.92696535916497
21.12,250.51860077542037
21.13,250.51860077542037
21.14,246.92696535916497
21.150000000000002,248.7162999393057
21.16,248.7162999393057
21.17,246.92696535916497
21.18,246.92696535916497
21.19,246.92696535916497
21.2,250.51860077542037
21.21,250.51860077542037
21.22,126.16698091317228
21.23,124.35814996965287
21.240000000000002,124.35814996965287
21.25,124.35814996965287
21.26,124.35814996965287
21.27,124.35814996965287
21.28,122.5752518760642
21.29,122.5752518760642
21.3,122.5752518760642
21.31,122.5752518760642
21.32,123.46348267958248
21.330000000000002,123.46348267958248
21.34,123.46348267958248
21.35,119.94871698927936
21.36,126.16698091317228
21.37,275.1721365856887
21.38,275.1721365856887
21.39,275.1721365856887
21.400000000000002,273.1924713220765
21.41,271.2270483237044
21.42,271.2270483237044
21.43,271.2270483237044
21.44,271.2270483237044
21.45,271.2270483237044
21.46,271.2270483237044
21.47,271.2270483237044
21.48,271.2270483237044
21.490000000000002,271.2270483237044
21.5,271.2270483237044
21.51,271.2270483237044
21.52,257.8593560989382
21.53,254.16247773177858
21.54,254.16247773177858
21.55,124.35814996965287
21.56,124.35814996965287
21.57,122.5752518760642
21.580000000000002,169.63310235549096
21.59,173.34758361442815
21.6,170.86233374194464
21.61,0
21.62,0
21.63,172.10047264574283
21.64,0
21.650000000000002,172.10047264574283
21.66,172.10047264574283
21.67,0
21.68,0
21.69,0
21.7,0
21.71,0
21.72,0
21.73,0
21.740000000000002,0
21.75,0
21.76,0
21.77,0
21.78,0
21.79,0
21.8,0
21.81,0
21.82,0
21.830000000000002,0
21.84,0
21.85,0
21.86,0
21.87,0
21.88,0
21.89,0
21.900000000000002,0
21.91,0
21.92,0
21.93,0
21.94,0
21.95,163.61833133910076
21.96,163.61833133910076
21.97,148.95925124132802
21.98,148.95925124132802
21.990000000000002,150.038671380357
22.0,97.28804188666567
22.01,0
22.02,0
22.03,114.86328490451865
22.04,114.86328490451865
22.05,295.7751935049732
22.06,295.7751935049732
22.07,295.7751935049732
22.080000000000002,293.64730409114946
22.09,293.64730409114946
22.1,295.7751935049732
22.11,295.7751935049732
22.12,295.7751935049732
22.13,295.7751935049732
22.14,295.7751935049732
22.150000000000002,295.7751935049732
22.16,293.64730409114946
22.17,293.64730409114946
22.18,293.64730409114946
22.19,285.28773535819766
22.2,285.28773535819766
22.21,275.1721365856887
22.22,271.2270483237044
22.23,259.72791128896995
22.240000000000002,256.00424381722104
22.25,246.92696535916497
22.26,246.92696535916497
22.27,246.92696535916497
22.28,246.92696535916497
22.29,254.16247773177858
22.3,254.16247773177858
22.31,246.92696535916497
22.32,246.92696535916497
22.330000000000002,246.92696535916497
22.34,246.92696535916497
22.35,246.92696535916497
22.36,246.92696535916497
22.37,246.92696535916497
22.38,246.92696535916497
22.39,246.92696535916497
22.400000000000002,246.92696535916497
22.41,250.51860077542037
22.42,250.51860077542037
22.43,250.51860077542037
22.44,250.51860077542037
22.45,245.15050375212843
22.46,245.15050375212843
22.47,245.15050375212843
22.48,241.63582967657618
22.490000000000002,224.80400313436365
22.5,0
22.51,0
22.52,0
22.53,0
22.54,0
22.55,0
22.56,0
22.57,0
22.580000000000002,0
22.59,281.19762176597635
22.6,281.19762176597635
22.61,281.19762176597635
22.62,281.19762176597635
22.63,279.17460747780154
22.64,275.1721365856887
22.650000000000002,275.1721365856887
22.66,275.1721365856887
22.67,275.1721365856887
22.68,275.1721365856887
22.69,275.1721365856887
22.7,275.1721365856887
22.71,273.1924713220765
22.72,275.1721365856887
22.73,275.1721365856887
22.740000000000002,275.1721365856887
22.75,269.2757651277356
22.76,269.2757651277356
22.77,271.2270483237044
22.78,267.3385200084793
22.79,128.9296780494691
22.8,128.9296780494691
22.81,126.16698091317228
22.82,124.35814996965287
22.830000000000002,160.1123278938524
22.84,160.1123278938524
22.85,285.28773535819766
22.86,285.28773535819766
22.87,287.35504789097007
22.88,300.077342760714
22.89,300.077342760714
22.900000000000002,300.077342760714
22.91,295.7751935049732
22.92,295.7751935049732
22.93,295.7751935049732
22.94,295.7751935049732
22.95,295.7751935049732
22.96,300.077342760714
22.97,300.077342760714
22.98,300.077342760714
22.990000000000002,300.077342760714
23.0,300.077342760714
23.01,295.7751935049732
23.02,295.7751935049732
23.03,295.7751935049732
23.04,295.7751935049732
23.05,295.7751935049732
23.06,295.7751935049732
23.07,295.7751935049732
23.080000000000002,293.64730409114946
23.09,279.17460747780154
23.1,271.2270483237044
23.11,271.2270483237044
23.12,261.61000680017145
23.13,257.8593560989382
23.14,254.16247773177858
23.150000000000002,254.16247773177858
23.16,254.16247773177858
23.17,254.16247773177858
23.18,254.16247773177858
23.19,254.16247773177858
23.2,254.16247773177858
23.21,252.33396182634456
23.22,252.33396182634456
23.23,250.51860077542037
23.240000000000002,250.51860077542037
23.25,250.51860077542037
23.26,250.51860077542037
23.27,250.51860077542037
23.28,250.51860077542037
23.29,248.7162999393057
23.3,248.7162999393057
23.31,248.7162999393057
23.32,248.7162999393057
23.330000000000002,250.51860077542037
23.34,250.51860077542037
23.35,250.51860077542037
23.36,252.33396182634456
23.37,254.16247773177858
23.38,254.16247773177858
23.39,259.72791128896995
23.400000000000002,261.61000680017145
23.41,271.2270483237044
23.42,275.1721365856887
23.43,275.1721365856887
23.44,281.19762176597635
23.45,275.1721365856887
23.46,275.1721365856887
23.47,271.2270483237044
23.48,271.2270483237044
23.490000000000002,267.3385200084793
23.5,267.3385200084793
23.51,267.3385200084793
23.52,267.3385200084793
23.53,267.3385200084793
23.54,267.3385200084793
23.55,269.2757651277356
23.56,273.1924713220765
23.57,275.1721365856887
23.580000000000002,275.1721365856887
23.59,281.19762176597635
23.6,281.19762176597635
23.61,279.17460747780154
23.62,279.17460747780154
23.63,273.1924713220765
23.64,273.1924713220765
23.650000000000002,271.2270483237044
23.66,271.2270483237044
23.67,275.1721365856887
23.68,275.1721365856887
23.69,279.17460747780154
23.7,281.19762176597635
23.71,285.28773535819766
23.72,287.35504789097007
23.73,291.5347233085324
23.740000000000002,291.5347233085324
23.75,291.5347233085324
23.76,291.5347233085324
23.77,291.5347233085324
23.78,291.5347233085324
23.79,291.5347233085324
23.8,291.5347233085324
23.81,291.5347233085324
23.82,291.5347233085324
23.830000000000002,291.5347233085324
23.84,291.5347233085324
23.85,291.5347233085324
23.86,291.5347233085324
23.87,291.5347233085324
23.88,291.5347233085324
23.89,291.5347233085324
23.900000000000002,291.5347233085324
23.91,291.5347233085324
23.92,291.5347233085324
23.93,291.5347233085324
23.94,291.5347233085324
23.95,291.5347233085324
23.96,291.5347233085324
23.97,291.5347233085324
23.98,291.5347233085324
23.990000000000002,291.5347233085324
24.0,291.5347233085324
24.01,291.5347233085324
24.02,291.5347233085324
24.03,287.35504789097007
24.04,285.28773535819766
24.05,283.2352956496178
24.060000000000002,281.19762176597635
24.07,273.1924713220765
24.080000000000002,275.1721365856887
24.09,275.1721365856887
24.1,254.16247773177858
24.11,224.80400313436365
24.12,153.3240904714388
24.13,78.34072543637457
24.14,112.40200156718183
24.150000000000002,112.40200156718183
24.16,112.40200156718183
24.17,0
24.18,0
24.19,0
24.2,0
24.21,0
24.22,456.14770531049817
24.23,456.14770531049817
24.240000000000002,456.14770531049817
24.25,469.5138533158923
24.26,469.5138533158923
24.27,469.5138533158923
24.28,147.88759675248662
24.29,0
24.3,0
24.310000000000002,0
24.32,0
24.330000000000002,0
24.34,0
24.35,0
24.36,0
24.37,147.88759675248662
24.38,147.88759675248662
24.39,150.038671380357
24.400000000000002,150.038671380357
24.41,156.68145087274914
24.42,156.68145087274914
24.43,156.68145087274914
24.44,156.68145087274914
24.45,155.55424072133707
24.46,172.10047264574283
24.47,175.8689822787104
24.48,173.34758361442815
24.490000000000002,104.57232251706493
