0.01,339.266204710982
0.02,162.4412153306951
0.03,0
0.04,0
0.05,0
0.06,0
0.07,0
0.08,0
0.09,0
0.1,0
0.11,0
0.12,0
0.13,0
0.14,0
0.15,0
0.16,0
0.17,0
0.18,0
0.19,0
0.2,0
0.21,0
0.22,0
0.23,0
0.24,0
0.25,0
0.26,0
0.27,0
0.28,0
0.29,0
0.3,0
0.31,0
0.32,0
0.33,203.19070297189003
0.34,200.27759822522142
0.35000000000000003,195.98606228522684
0.36,195.98606228522684
0.37,186.3266961668226
0.38,177.1434014216652
0.39,177.1434014216652
0.4,177.1434014216652
0.41000000000000003,174.60373166328128
0.42,177.1434014216652
0.43,177.1434014216652
0.44,177.1434014216652
0.45,183.65536733584872
0.46,186.3266961668226
0.47000000000000003,189.0368803703712
0.48,200.27759822522142
0.49,200.27759822522142
0.5,200.27759822522142
0.51,200.27759822522142
0.52,203.19070297189003
0.53,200.27759822522142
0.54,200.27759822522142
0.55,200.27759822522142
0.56,200.27759822522142
0.5700000000000001,204.66310656564855
0.58,207.64
0.59,210.6601933464274
0.6,218.4042695442296
0.61,224.80400313436365
0.62,226.4330256106141
0.63,231.3912632326111
0.64,234.75692665794614
0.65,234.75692665794614
0.66,233.06801971095814
0.67,236.45807212087942
0.68,233.06801971095814
0.6900000000000001,233.06801971095814
0.7000000000000001,228.07385265524908
0.71,228.07385265524908
0.72,228.07385265524908
0.73,228.07385265524908
0.74,228.07385265524908
0.75,233.06801971095814
0.76,228.07385265524908
0.77,238.1715447850896
0.78,241.63582967657618
0.79,241.63582967657618
0.8,241.63582967657618
0.81,241.63582967657618
0.8200000000000001,241.63582967657618
0.8300000000000001,241.63582967657618
0.84,241.63582967657618
0.85,241.63582967657618
0.86,238.1715447850896
0.87,233.06801971095814
0.88,228.07385265524908
0.89,228.07385265524908
0.9,228.07385265524908
0.91,228.07385265524908
0.92,221.58103279653565
0.93,224.80400313436365
0.9400000000000001,224.80400313436365
0.9500000000000001,224.80400313436365
0.96,228.07385265524908
0.97,231.3912632326111
0.98,231.3912632326111
0.99,233.06801971095814
1.0,236.45807212087942
1.01,238.1715447850896
1.02,238.1715447850896
1.03,238.1715447850896
1.04,238.1715447850896
1.05,233.06801971095814
1.06,228.07385265524908
1.07,228.07385265524908
1.08,224.80400313436365
1.09,224.80400313436365
1.1,224.80400313436365
1.11,224.80400313436365
1.12,228.07385265524908
1.1300000000000001,231.3912632326111
1.1400000000000001,233.06801971095814
1.1500000000000001,238.1715447850896
1.16,238.1715447850896
1.17,241.63582967657618
1.18,241.63582967657618
1.19,241.63582967657618
1.2,241.63582967657618
1.21,241.63582967657618
1.22,234.75692665794614
1.23,234.75692665794614
1.24,233.06801971095814
1.25,224.80400313436365
1.26,231.3912632326111
1.27,234.75692665794614
1.28,234.75692665794614
1.29,241.63582967657618
1.3,241.63582967657618
1.31,241.63582967657618
1.32,241.63582967657618
1.33,254.16247773177858
1.34,0
1.35,0
1.36,0
1.37,0
1.3800000000000001,0
1.3900000000000001,0
1.4000000000000001,0
1.41,0
1.42,0
1.43,0
1.44,0
1.45,0
1.46,0
1.47,0
1.48,0
1.49,0
1.5,0
1.51,0
1.52,0
1.53,0
1.54,0
1.55,0
1.56,0
1.57,0
1.58,0
1.59,0
1.6,0
1.61,0
1.62,0
1.6300000000000001,0
1.6400000000000001,0
1.6500000000000001,0
1.6600000000000001,0
1.67,0
1.68,0
1.69,0
1.7,0
1.71,0
1.72,0
1.73,0
1.74,0
1.75,0
1.76,218.4042695442296
1.77,210.6601933464274
1.78,203.19070297189003
1.79,178.42705553107564
1.8,178.42705553107564
1.81,177.1434014216652
1.82,173.34758361442815
1.83,173.34758361442815
1.84,173.34758361442815
1.85,177.1434014216652
1.86,179.72001152731553
1.87,187.67689621552822
1.8800000000000001,190.40671953101793
1.8900000000000001,194.57608377333133
1.9000000000000001,195.98606228522684
1.9100000000000001,200.27759822522142
1.92,203.19070297189003
1.93,203.19070297189003
1.94,204.66310656564855
1.95,204.66310656564855
1.96,203.19070297189003
1.97,203.19070297189003
1.98,203.19070297189003
1.99,203.19070297189003
2.0,203.19070297189003
2.0100000000000002,203.19070297189003
2.02,203.19070297189003
2.0300000000000002,207.64
2.04,224.80400313436365
2.05,118.22903606043971
2.06,231.3912632326111
2.07,212.18672394654075
2.08,0
2.09,221.58103279653565
2.1,213.72431641665463
2.11,213.72431641665463
2.12,228.07385265524908
2.13,228.07385265524908
2.14,228.07385265524908
2.15,228.07385265524908
2.16,228.07385265524908
2.17,228.07385265524908
2.18,228.07385265524908
2.19,228.07385265524908
2.2,228.07385265524908
2.21,228.07385265524908
2.22,231.3912632326111
2.23,233.06801971095814
2.24,236.45807212087942
2.25,236.45807212087942
2.2600000000000002,238.1715447850896
2.27,234.75692665794614
2.2800000000000002,234.75692665794614
2.29,233.06801971095814
2.3000000000000003,233.06801971095814
2.31,231.3912632326111
2.32,228.07385265524908
2.33,229.72656980903736
2.34,228.07385265524908
2.35,226.4330256106141
2.36,226.4330256106141
2.37,226.4330256106141
2.38,0
2.39,233.06801971095814
2.4,234.75692665794614
2.41,234.75692665794614
2.42,241.63582967657618
2.43,241.63582967657618
2.44,241.63582967657618
2.45,234.75692665794614
2.46,234.75692665794614
2.47,234.75692665794614
2.48,233.06801971095814
2.49,228.07385265524908
2.5,228.07385265524908
2.5100000000000002,228.07385265524908
2.52,228.07385265524908
2.5300000000000002,224.80400313436365
2.54,228.07385265524908
2.5500000000000003,228.07385265524908
2.56,233.06801971095814
2.57,236.45807212087942
2.58,238.1715447850896
2.59,241.63582967657618
2.6,241.63582967657618
2.61,241.63582967657618
2.62,241.63582967657618
2.63,238.1715447850896
2.64,231.3912632326111
2.65,231.3912632326111
2.66,231.3912632326111
2.67,224.80400313436365
2.68,151.12591344267588
2.69,229.72656980903736
2.7,156.68145087274914
2.71,203.19070297189003
2.72,203.19070297189003
2.73,241.63582967657618
2.74,313.3629017454983
2.75,252.33396182634456
2.7600000000000002,125.25930038771017
2.77,0
2.7800000000000002,0
2.79,0
2.8000000000000003,0
2.81,0
2.82,0
2.83,0
2.84,0
2.85,0
2.86,0
2.87,0
2.88,0
2.89,0
2.9,0
2.91,0
2.92,0
2.93,0
2.94,0
2.95,0
2.96,0
2.97,0
2.98,0
2.99,0
3.0,0
3.0100000000000002,0
3.02,0
3.0300000000000002,0
3.04,131.75287037564573
3.0500000000000003,0
3.06,0
3.0700000000000003,0
3.08,0
3.09,0
3.1,0
3.11,218.4042695442296
3.12,216.83300818322817
3.13,212.18672394654075
3.14,203.19070297189003
3.15,203.19070297189003
3.16,200.27759822522142
3.17,194.57608377333133
3.18,194.57608377333133
3.19,193.1762490409517
3.2,194.57608377333133
3.21,194.57608377333133
3.22,197.40625808264608
3.23,197.40625808264608
3.24,200.27759822522142
3.25,197.40625808264608
3.2600000000000002,197.40625808264608
3.27,197.40625808264608
3.2800000000000002,200.27759822522142
3.29,200.27759822522142
3.3000000000000003,200.27759822522142
3.31,200.27759822522142
3.3200000000000003,200.27759822522142
3.33,200.27759822522142
3.34,203.19070297189003
3.35,203.19070297189003
3.36,207.64
3.37,210.6601933464274
3.38,224.80400313436365
3.39,231.3912632326111
3.4,231.3912632326111
3.41,234.75692665794614
3.42,238.1715447850896
3.43,236.45807212087942
3.44,231.3912632326111
3.45,231.3912632326111
3.46,229.72656980903736
3.47,233.06801971095814
3.48,234.75692665794614
3.49,239.89743397855878
3.5,252.33396182634456
3.5100000000000002,254.16247773177858
3.52,257.8593560989382
3.5300000000000002,257.8593560989382
3.54,257.8593560989382
3.5500000000000003,257.8593560989382
3.56,257.8593560989382
3.5700000000000003,257.8593560989382
3.58,257.8593560989382
3.59,257.8593560989382
3.6,257.8593560989382
3.61,257.8593560989382
3.62,168.4127144032124
3.63,168.4127144032124
3.64,151.12591344267588
3.65,151.12591344267588
3.66,257.8593560989382
3.67,261.61000680017145
3.68,129.86395564448497
3.69,267.3385200084793
3.7,135.61352416185224
3.71,128.0021219086105
3.72,128.0021219086105
3.73,128.0021219086105
3.74,128.9296780494691
3.75,160.1123278938524
3.7600000000000002,160.1123278938524
3.77,168.4127144032124
3.7800000000000002,168.4127144032124
3.79,172.10047264574283
3.8000000000000003,172.10047264574283
3.81,172.10047264574283
3.8200000000000003,0
3.83,0
3.84,0
3.85,0
3.86,261.61000680017145
3.87,261.61000680017145
3.88,88.5717007108326
3.89,257.8593560989382
3.9,257.8593560989382
3.91,257.8593560989382
3.92,257.8593560989382
3.93,257.8593560989382
3.94,257.8593560989382
3.95,257.8593560989382
3.96,257.8593560989382
3.97,257.8593560989382
3.98,257.8593560989382
3.99,257.8593560989382
4.0,257.8593560989382
4.01,257.8593560989382
4.0200000000000005,257.8593560989382
4.03,0
4.04,0
4.05,0
4.0600000000000005,0
4.07,0
4.08,0
4.09,0
4.1,0
4.11,269.2757651277356
4.12,267.3385200084793
4.13,0
4.14,271.2270483237044
4.15,271.2270483237044
4.16,273.1924713220765
4.17,273.1924713220765
4.18,281.19762176597635
4.19,283.2352956496178
4.2,291.5347233085324
4.21,311.1084814426742
4.22,311.1084814426742
4.23,320.2246557877048
4.24,336.8254288064247
4.25,336.8254288064247
4.26,339.266204710982
4.2700000000000005,327.2366626782015
4.28,0
4.29,0
4.3,0
4.3100000000000005,0
4.32,0
4.33,0
4.34,0
4.3500000000000005,0
4.36,0
4.37,0
4.38,0
4.39,0
4.4,0
4.41,0
4.42,0
4.43,0
4.44,0
4.45,0
4.46,0
4.47,0
4.48,0
4.49,0
4.5,0
4.51,0
4.5200000000000005,0
4.53,0
4.54,0
4.55,0
4.5600000000000005,0
4.57,0
4.58,0
4.59,0
4.6000000000000005,160.1123278938524
4.61,160.1123278938524
4.62,151.12591344267588
4.63,183.65536733584872
4.64,183.65536733584872
4.65,181.02233681569126
4.66,179.72001152731553
4.67,179.72001152731553
4.68,179.72001152731553
4.69,179.72001152731553
4.7,182.33409928995593
4.71,183.65536733584872
4.72,183.65536733584872
4.73,187.67689621552822
4.74,190.40671953101793
4.75,194.57608377333133
4.76,194.57608377333133
4.7700000000000005,194.57608377333133
4.78,194.57608377333133
4.79,194.57608377333133
4.8,194.57608377333133
4.8100000000000005,194.57608377333133
4.82,194.57608377333133
4.83,194.57608377333133
4.84,200.27759822522142
4.8500000000000005,200.27759822522142
4.86,0
4.87,0
4.88,0
4.89,0
4.9,0
4.91,151.12591344267588
4.92,0
4.93,0
4.94,0
4.95,0
4.96,0
4.97,0
4.98,0
4.99,0
5.0,0
5.01,0
5.0200000000000005,0
5.03,0
5.04,0
5.05,0
5.0600000000000005,0
5.07,0
5.08,0
5.09,0
5.1000000000000005,0
5.11,0
5.12,0
5.13,281.19762176597635
5.14,275.1721365856887
5.15,271.2270483237044
5.16,271.2270483237044
5.17,271.2270483237044
5.18,271.2270483237044
5.19,267.3385200084793
5.2,261.61000680017145
5.21,257.8593560989382
5.22,257.8593560989382
5.23,257.8593560989382
5.24,257.8593560989382
5.25,257.8593560989382
5.26,257.8593560989382
5.2700000000000005,257.8593560989382
5.28,257.8593560989382
5.29,0
5.3,271.2270483237044
5.3100000000000005,271.2270483237044
5.32,271.2270483237044
5.33,271.2270483237044
5.34,271.2270483237044
5.3500000000000005,0
5.36,267.3385200084793
5.37,257.8593560989382
5.38,257.8593560989382
5.39,257.8593560989382
5.4,257.8593560989382
5.41,257.8593560989382
5.42,257.8593560989382
5.43,257.8593560989382
5.44,257.8593560989382
5.45,130.80500340008572
5.46,131.75287037564573
5.47,0
5.48,0
5.49,271.2270483237044
5.5,271.2270483237044
5.51,0
5.5200000000000005,0
5.53,0
5.54,0
5.55,257.8593560989382
5.5600000000000005,257.8593560989382
5.57,257.8593560989382
5.58,257.8593560989382
5.59,257.8593560989382
5.6000000000000005,257.8593560989382
5.61,257.8593560989382
5.62,0
5.63,0
5.64,0
5.65,0
5.66,0
5.67,0
5.68,0
5.69,0
5.7,0
5.71,257.8593560989382
5.72,257.8593560989382
5.73,0
5.74,0
5.75,0
5.76,152.22103410916532
5.7700000000000005,152.22103410916532
5.78,151.12591344267588
5.79,150.038671380357
5.8,204.66310656564855
5.8100000000000005,115.69563161630555
5.82,0
5.83,0
5.84,0
5.8500000000000005,0
5.86,152.22103410916532
5.87,223.18670030113336
5.88,98.70312904132305
5.89,98.70312904132305
5.9,169.63310235549096
5.91,172.10047264574283
5.92,172.10047264574283
5.93,172.10047264574283
5.94,172.10047264574283
5.95,172.10047264574283
5.96,88.5717007108326
5.97,86.67379180721409
5.98,88.5717007108326
5.99,89.21352776553782
6.0,0
6.01,0
6.0200000000000005,0
6.03,0
6.04,0
6.05,0
6.0600000000000005,0
6.07,0
6.08,0
6.09,0
6.1000000000000005,0
6.11,177.1434014216652
6.12,177.1434014216652
6.13,0
6.140000000000001,151.12591344267588
6.15,151.12591344267588
6.16,151.12591344267588
6.17,151.12591344267588
6.18,152.22103410916532
6.19,156.68145087274914
6.2,156.68145087274914
6.21,0
6.22,0
6.23,0
6.24,0
6.25,88.5717007108326
6.26,88.5717007108326
6.2700000000000005,88.5717007108326
6.28,88.5717007108326
6.29,359.440023054631
6.3,359.440023054631
6.3100000000000005,344.2009452914856
6.32,306.6481809428776
6.33,285.28773535819766
6.34,285.28773535819766
6.3500000000000005,285.28773535819766
6.36,285.28773535819766
6.37,293.64730409114946
6.38,295.7751935049732
6.390000000000001,306.6481809428776
6.4,311.1084814426742
6.41,311.1084814426742
6.42,313.3629017454983
6.43,313.3629017454983
6.44,320.2246557877048
6.45,320.2246557877048
6.46,317.9208701083809
6.47,313.3629017454983
6.48,313.3629017454983
6.49,313.3629017454983
6.5,311.1084814426742
6.51,295.7751935049732
6.5200000000000005,138.58307365993295
6.53,306.6481809428776
6.54,306.6481809428776
6.55,306.6481809428776
6.5600000000000005,306.6481809428776
6.57,304.4420682183307
6.58,302.25182688535176
6.59,302.25182688535176
6.6000000000000005,295.7751935049732
6.61,302.25182688535176
6.62,302.25182688535176
6.63,302.25182688535176
6.640000000000001,302.25182688535176
6.65,302.25182688535176
6.66,302.25182688535176
6.67,300.077342760714
6.68,291.5347233085324
6.69,291.5347233085324
6.7,275.1721365856887
6.71,254.16247773177858
6.72,254.16247773177858
6.73,0
6.74,271.2270483237044
6.75,0
6.76,281.19762176597635
6.7700000000000005,285.28773535819766
6.78,283.2352956496178
6.79,283.2352956496178
6.8,275.1721365856887
6.8100000000000005,275.1721365856887
6.82,271.2270483237044
6.83,271.2270483237044
6.84,267.3385200084793
6.8500000000000005,257.8593560989382
6.86,257.8593560989382
6.87,257.8593560989382
6.88,257.8593560989382
6.890000000000001,257.8593560989382
6.9,257.8593560989382
6.91,257.8593560989382
6.92,257.8593560989382
6.93,254.16247773177858
6.94,254.16247773177858
6.95,239.89743397855878
6.96,228.07385265524908
6.97,221.58103279653565
6.98,213.72431641665463
6.99,213.72431641665463
7.0,226.4330256106141
7.01,228.07385265524908
7.0200000000000005,228.07385265524908
7.03,233.06801971095814
7.04,236.45807212087942
7.05,236.45807212087942
7.0600000000000005,234.75692665794614
7.07,234.75692665794614
7.08,233.06801971095814
7.09,233.06801971095814
7.1000000000000005,231.3912632326111
7.11,233.06801971095814
7.12,233.06801971095814
7.13,234.75692665794614
7.140000000000001,241.63582967657618
7.15,241.63582967657618
7.16,241.63582967657618
7.17,246.92696535916497
7.18,241.63582967657618
7.19,239.89743397855878
7.2,236.45807212087942
7.21,236.45807212087942
7.22,233.06801971095814
7.23,234.75692665794614
7.24,234.75692665794614
7.25,236.45807212087942
7.26,238.1715447850896
7.2700000000000005,241.63582967657618
7.28,241.63582967657618
7.29,241.63582967657618
7.3,250.51860077542037
7.3100000000000005,250.51860077542037
7.32,252.33396182634456
7.33,246.92696535916497
7.34,246.92696535916497
7.3500000000000005,241.63582967657618
7.36,241.63582967657618
7.37,238.1715447850896
7.38,234.75692665794614
7.390000000000001,229.72656980903736
7.4,229.72656980903736
7.41,221.58103279653565
7.42,221.58103279653565
7.43,0
7.44,200.27759822522142
7.45,0
7.46,177.1434014216652
7.47,177.1434014216652
7.48,168.4127144032124
7.49,168.4127144032124
7.5,172.10047264574283
7.51,172.10047264574283
7.5200000000000005,177.1434014216652
7.53,182.33409928995593
7.54,193.1762490409517
7.55,193.1762490409517
7.5600000000000005,194.57608377333133
7.57,203.19070297189003
7.58,203.19070297189003
7.59,203.19070297189003
7.6000000000000005,203.19070297189003
7.61,203.19070297189003
7.62,203.19070297189003
7.63,203.19070297189003
7.640000000000001,200.27759822522142
7.65,200.27759822522142
7.66,0
7.67,177.1434014216652
7.68,177.1434014216652
7.69,177.1434014216652
7.7,210.6601933464274
7.71,210.6601933464274
7.72,218.4042695442296
7.73,233.06801971095814
7.74,233.06801971095814
7.75,233.06801971095814
7.76,0
7.7700000000000005,114.86328490451865
7.78,114.86328490451865
7.79,127.0812388658893
7.8,127.0812388658893
7.8100000000000005,0
7.82,0
7.83,0
7.84,0
7.8500000000000005,0
7.86,0
7.87,0
7.88,0
7.890000000000001,0
7.9,0
7.91,0
7.92,0
7.930000000000001,0
7.94,257.8593560989382
7.95,236.45807212087942
7.96,236.45807212087942
7.97,234.75692665794614
7.98,234.75692665794614
7.99,234.75692665794614
8.0,234.75692665794614
8.01,234.75692665794614
8.02,233.06801971095814
8.03,229.72656980903736
8.040000000000001,228.07385265524908
8.05,228.07385265524908
8.06,228.07385265524908
8.07,228.07385265524908
8.08,229.72656980903736
8.09,229.72656980903736
8.1,233.06801971095814
8.11,236.45807212087942
8.120000000000001,236.45807212087942
8.13,234.75692665794614
8.14,234.75692665794614
8.15,234.75692665794614
8.16,234.75692665794614
8.17,234.75692665794614
8.18,233.06801971095814
8.19,233.06801971095814
8.2,233.06801971095814
8.21,233.06801971095814
8.22,234.75692665794614
8.23,234.75692665794614
8.24,234.75692665794614
8.25,236.45807212087942
8.26,236.45807212087942
8.27,236.45807212087942
8.28,239.89743397855878
8.290000000000001,234.75692665794614
8.3,234.75692665794614
8.31,233.06801971095814
8.32,236.45807212087942
8.33,234.75692665794614
8.34,234.75692665794614
8.35,228.07385265524908
8.36,228.07385265524908
8.370000000000001,0
8.38,0
8.39,128.9296780494691
8.4,128.9296780494691
8.41,153.3240904714388
8.42,153.3240904714388
8.43,104.57232251706493
8.44,306.6481809428776
8.45,153.3240904714388
8.46,153.3240904714388
8.47,155.55424072133707
8.48,151.12591344267588
8.49,200.27759822522142
8.5,0
8.51,0
8.52,0
8.53,0
8.540000000000001,0
8.55,0
8.56,0
8.57,0
8.58,0
8.59,0
8.6,0
8.61,0
8.620000000000001,0
8.63,0
8.64,0
8.65,200.27759822522142
8.66,200.27759822522142
8.67,0
8.68,177.1434014216652
8.69,177.1434014216652
8.700000000000001,177.1434014216652
8.71,163.61833133910076
8.72,151.12591344267588
8.73,151.12591344267588
8.74,0
8.75,0
8.76,0
8.77,0
8.78,0
8.790000000000001,0
8.8,0
8.81,0
8.82,0
8.83,0
8.84,0
8.85,0
8.86,0
8.870000000000001,0
8.88,0
8.89,0
8.9,177.1434014216652
8.91,173.34758361442815
8.92,173.34758361442815
8.93,173.34758361442815
8.94,173.34758361442815
8.950000000000001,177.1434014216652
8.96,177.1434014216652
8.97,186.3266961668226
8.98,194.57608377333133
8.99,194.57608377333133
9.0,203.19070297189003
9.01,203.19070297189003
9.02,203.19070297189003
9.03,203.19070297189003
9.040000000000001,203.19070297189003
9.05,203.19070297189003
9.06,203.19070297189003
9.07,203.19070297189003
9.08,200.27759822522142
9.09,200.27759822522142
9.1,200.27759822522142
9.11,200.27759822522142
9.120000000000001,0
9.13,0
9.14,0
9.15,0
9.16,0
9.17,0
9.18,0
9.19,0
9.200000000000001,0
9.21,0
9.22,0
9.23,0
9.24,0
9.25,0
9.26,0
9.27,0
9.28,0
9.290000000000001,0
9.3,0
9.31,0
9.32,0
9.33,0
9.34,0
9.35,0
9.36,0
9.370000000000001,0
9.38,0
9.39,236.45807212087942
9.4,241.63582967657618
9.41,236.45807212087942
9.42,236.45807212087942
9.43,234.75692665794614
9.44,233.06801971095814
9.450000000000001,233.06801971095814
9.46,229.72656980903736
9.47,229.72656980903736
9.48,231.3912632326111
9.49,231.3912632326111
9.5,231.3912632326111
9.51,231.3912632326111
9.52,241.63582967657618
9.53,241.63582967657618
9.540000000000001,241.63582967657618
9.55,241.63582967657618
9.56,246.92696535916497
9.57,246.92696535916497
9.58,246.92696535916497
9.59,224.80400313436365
9.6,241.63582967657618
9.61,241.63582967657618
9.620000000000001,204.66310656564855
9.63,200.27759822522142
9.64,152.22103410916532
9.65,152.22103410916532
9.66,152.22103410916532
9.67,152.22103410916532
9.68,116.5340098554791
9.69,116.5340098554791
9.700000000000001,241.63582967657618
9.71,239.89743397855878
9.72,234.75692665794614
9.73,245.15050375212843
9.74,241.63582967657618
9.75,241.63582967657618
9.76,241.63582967657618
9.77,234.75692665794614
9.78,234.75692665794614
9.790000000000001,234.75692665794614
9.8,231.3912632326111
9.81,231.3912632326111
9.82,231.3912632326111
9.83,228.07385265524908
9.84,228.07385265524908
9.85,234.75692665794614
9.86,241.63582967657618
9.870000000000001,241.63582967657618
9.88,241.63582967657618
9.89,241.63582967657618
9.9,241.63582967657618
9.91,241.63582967657618
9.92,241.63582967657618
9.93,238.1715447850896
9.94,177.1434014216652
9.950000000000001,0
9.96,0
9.97,0
9.98,233.06801971095814
9.99,170.86233374194464
10.0,151.12591344267588
10.01,151.12591344267588
10.02,89.21352776553782
10.03,89.21352776553782
10.040000000000001,173.34758361442815
10.05,152.22103410916532
10.06,152.22103410916532
10.07,124.35814996965287
10.08,125.25930038771017
10.09,0
10.1,0
10.11,0
10.120000000000001,0
10.13,0
10.14,0
10.15,0
10.16,0
10.17,0
10.18,0
10.19,0
10.200000000000001,0
10.21,0
10.22,0
10.23,0
10.24,0
10.25,0
10.26,0
10.27,0
10.28,0
10.290000000000001,0
10.3,151.12591344267588
10.31,151.12591344267588
10.32,151.12591344267588
10.33,170.86233374194464
10.34,170.86233374194464
10.35,0
10.36,172.10047264574283
10.370000000000001,151.12591344267588
10.38,151.12591344267588
10.39,129.86395564448497
10.4,130.80500340008572
10.41,129.86395564448497
10.42,129.86395564448497
10.43,129.86395564448497
10.44,257.8593560989382
10.450000000000001,257.8593560989382
10.46,261.61000680017145
10.47,0
10.48,0
10.49,0
10.5,0
10.51,0
10.52,254.16247773177858
10.53,0
10.540000000000001,0
10.55,0
10.56,0
10.57,0
10.58,0
10.59,0
10.6,0
10.61,0
10.620000000000001,0
10.63,0
10.64,0
10.65,0
10.66,0
10.67,151.12591344267588
10.68,151.12591344267588
10.69,144.71867051127512
10.700000000000001,144.71867051127512
10.71,144.71867051127512
10.72,144.71867051127512
10.73,0
10.74,219.98691691276406
10.75,226.4330256106141
10.76,228.07385265524908
10.77,228.07385265524908
10.78,224.80400313436365
10.790000000000001,228.07385265524908
10.8,228.07385265524908
10.81,228.07385265524908
10.82,173.34758361442815
10.83,173.34758361442815
10.84,173.34758361442815
10.85,233.06801971095814
10.86,233.06801971095814
10.870000000000001,233.06801971095814
10.88,233.06801971095814
10.89,233.06801971095814
10.9,234.75692665794614
10.91,234.75692665794614
10.92,261.61000680017145
10.93,228.07385265524908
10.94,228.07385265524908
10.950000000000001,228.07385265524908
10.96,228.07385265524908
10.97,229.72656980903736
10.98,229.72656980903736
10.99,229.72656980903736
11.0,229.72656980903736
11.01,0
11.02,228.07385265524908
11.03,228.07385265524908
11.040000000000001,228.07385265524908
11.05,229.72656980903736
11.06,228.07385265524908
11.07,0
11.08,233.06801971095814
11.09,233.06801971095814
11.1,238.1715447850896
11.11,238.1715447850896
11.120000000000001,238.1715447850896
11.13,236.45807212087942
11.14,236.45807212087942
11.15,231.3912632326111
11.16,231.3912632326111
11.17,231.3912632326111
11.18,231.3912632326111
11.19,228.07385265524908
11.200000000000001,226.4330256106141
11.21,228.07385265524908
11.22,228.07385265524908
11.23,228.07385265524908
11.24,228.07385265524908
11.25,234.75692665794614
11.26,245.15050375212843
11.27,245.15050375212843
11.28,245.15050375212843
11.290000000000001,245.15050375212843
11.3,241.63582967657618
11.31,241.63582967657618
11.32,233.06801971095814
11.33,233.06801971095814
11.34,233.06801971095814
11.35,234.75692665794614
11.36,238.1715447850896
11.370000000000001,241.63582967657618
11.38,250.51860077542037
11.39,254.16247773177858
11.4,256.00424381722104
11.41,257.8593560989382
11.42,261.61000680017145
11.43,269.2757651277356
11.44,271.2270483237044
11.450000000000001,271.2270483237044
11.46,271.2270483237044
11.47,267.3385200084793
11.48,267.3385200084793
11.49,0
11.5,261.61000680017145
11.51,267.3385200084793
11.52,267.3385200084793
11.53,267.3385200084793
11.540000000000001,271.2270483237044
11.55,271.2270483237044
11.56,275.1721365856887
11.57,267.3385200084793
11.58,261.61000680017145
11.59,261.61000680017145
11.6,241.63582967657618
11.61,0
11.620000000000001,0
11.63,0
11.64,0
11.65,231.3912632326111
11.66,238.1715447850896
11.67,238.1715447850896
11.68,238.1715447850896
11.69,241.63582967657618
11.700000000000001,241.63582967657618
11.71,246.92696535916497
11.72,257.8593560989382
11.73,271.2270483237044
11.74,271.2270483237044
11.75,281.19762176597635
11.76,285.28773535819766
11.77,285.28773535819766
11.78,283.2352956496178
11.790000000000001,283.2352956496178
11.8,281.19762176597635
11.81,281.19762176597635
11.82,281.19762176597635
11.83,281.19762176597635
11.84,281.19762176597635
11.85,293.64730409114946
11.86,295.7751935049732
11.870000000000001,302.25182688535176
11.88,313.3629017454983
11.89,320.2246557877048
11.9,320.2246557877048
11.91,320.2246557877048
11.92,320.2246557877048
11.93,320.2246557877048
11.94,313.3629017454983
11.950000000000001,313.3629017454983
11.96,313.3629017454983
11.97,313.3629017454983
11.98,313.3629017454983
11.99,313.3629017454983
12.0,313.3629017454983
12.01,317.9208701083809
12.02,320.2246557877048
12.030000000000001,320.2246557877048
12.040000000000001,320.2246557877048
12.05,320.2246557877048
12.06,317.9208701083809
12.07,291.5347233085324
12.08,291.5347233085324
12.09,275.1721365856887
12.1,267.3385200084793
12.11,257.8593560989382
12.120000000000001,234.75692665794614
12.13,0
12.14,0
12.15,0
12.16,0
12.17,0
12.18,0
12.19,0
12.200000000000001,151.12591344267588
12.21,151.12591344267588
12.22,313.3629017454983
12.23,313.3629017454983
12.24,313.3629017454983
12.25,313.3629017454983
12.26,313.3629017454983
12.27,313.3629017454983
12.280000000000001,313.3629017454983
12.290000000000001,313.3629017454983
12.3,313.3629017454983
12.31,322.5451356477362
12.32,329.6079544306769
12.33,329.6079544306769
12.34,339.266204710982
12.35,351.73796455742075
12.36,351.73796455742075
12.370000000000001,351.73796455742075
12.38,354.28680284333046
12.39,354.28680284333046
12.4,354.28680284333046
12.41,354.28680284333046
12.42,354.28680284333046
12.43,354.28680284333046
12.44,0
12.450000000000001,0
12.46,138.58307365993295
12.47,138.58307365993295
12.48,138.58307365993295
12.49,346.69516722885635
12.5,339.266204710982
12.51,329.6079544306769
12.52,329.6079544306769
12.530000000000001,329.6079544306769
12.540000000000001,320.2246557877048
12.55,320.2246557877048
12.56,169.63310235549096
12.57,168.4127144032124
12.58,168.4127144032124
12.59,168.4127144032124
12.6,168.4127144032124
12.61,168.4127144032124
12.620000000000001,170.86233374194464
12.63,89.21352776553782
12.64,0
12.65,285.28773535819766
12.66,90.51116840784564
12.67,283.2352956496178
12.68,90.51116840784564
12.69,90.51116840784564
12.700000000000001,89.21352776553782
12.71,89.21352776553782
12.72,344.2009452914856
12.73,320.2246557877048
12.74,327.2366626782015
12.75,320.2246557877048
12.76,320.2246557877048
12.77,320.2246557877048
12.780000000000001,317.9208701083809
12.790000000000001,313.3629017454983
12.8,306.6481809428776
12.81,306.6481809428776
12.82,302.25182688535176
12.83,285.28773535819766
12.84,285.28773535819766
12.85,320.2246557877048
12.86,317.9208701083809
12.870000000000001,157.8168292535811
12.88,156.68145087274914
12.89,143.67752394548504
12.9,143.67752394548504
12.91,0
12.92,0
12.93,0
12.94,0
12.950000000000001,0
12.96,0
12.97,0
12.98,279.17460747780154
12.99,271.2270483237044
13.0,271.2270483237044
13.01,271.2270483237044
13.02,271.2270483237044
13.030000000000001,271.2270483237044
13.040000000000001,271.2270483237044
13.05,271.2270483237044
13.06,271.2270483237044
13.07,275.1721365856887
13.08,281.19762176597635
13.09,283.2352956496178
13.1,291.5347233085324
13.11,291.5347233085324
13.120000000000001,291.5347233085324
13.13,295.7751935049732
13.14,295.7751935049732
13.15,295.7751935049732
13.16,295.7751935049732
13.17,295.7751935049732
13.18,295.7751935049732
13.19,295.7751935049732
13.200000000000001,0
13.21,0
13.22,0
13.23,0
13.24,291.5347233085324
13.25,295.7751935049732
13.26,295.7751935049732
13.27,0
13.280000000000001,295.7751935049732
13.290000000000001,295.7751935049732
13.3,295.7751935049732
13.31,295.7751935049732
13.32,295.7751935049732
13.33,295.7751935049732
13.34,295.7751935049732
13.35,295.7751935049732
13.36,295.7751935049732
13.370000000000001,295.7751935049732
13.38,295.7751935049732
13.39,0
13.4,0
13.41,320.2246557877048
13.42,320.2246557877048
13.43,311.1084814426742
13.44,311.1084814426742
13.450000000000001,364.66819857991186
13.46,320.2246557877048
13.47,320.2246557877048
13.48,317.9208701083809
13.49,313.3629017454983
13.5,313.3629017454983
13.51,311.1084814426742
13.52,306.6481809428776
13.530000000000001,302.25182688535176
13.540000000000001,421.3203866928548
13.55,421.3203866928548
13.56,367.3107346716974
13.57,367.3107346716974
13.58,354.28680284333046
13.59,320.2246557877048
13.6,320.2246557877048
13.61,291.5347233085324
13.620000000000001,293.64730409114946
13.63,293.64730409114946
13.64,281.19762176597635
13.65,271.2270483237044
13.66,271.2270483237044
13.67,267.3385200084793
13.68,271.2270483237044
13.69,271.2270483237044
13.700000000000001,0
13.71,0
13.72,0
13.73,271.2270483237044
13.74,271.2270483237044
13.75,271.2270483237044
13.76,271.2270483237044
13.77,135.61352416185224
13.780000000000001,135.61352416185224
13.790000000000001,135.61352416185224
13.8,145.76736165426618
13.81,186.3266961668226
13.82,146.82365204557473
13.83,150.038671380357
13.84,150.038671380357
13.85,145.76736165426618
13.86,0
13.870000000000001,0
13.88,275.1721365856887
13.89,271.2270483237044
13.9,0
13.91,0
13.92,0
13.93,364.66819857991186
13.94,0
13.950000000000001,152.22103410916532
13.96,150.038671380357
13.97,150.038671380357
13.98,150.038671380357
13.99,150.038671380357
14.0,204.66310656564855
14.01,204.66310656564855
14.02,204.66310656564855
14.030000000000001,203.19070297189003
14.040000000000001,203.19070297189003
14.05,200.27759822522142
14.06,200.27759822522142
14.07,200.27759822522142
14.08,200.27759822522142
14.09,200.27759822522142
14.1,200.27759822522142
14.11,140.59881088298818
14.120000000000001,150.038671380357
14.13,147.88759675248662
14.14,104.57232251706493
14.15,271.2270483237044
14.16,129.86395564448497
14.17,261.61000680017145
14.18,256.00424381722104
14.19,241.63582967657618
14.200000000000001,241.63582967657618
14.21,241.63582967657618
14.22,241.63582967657618
14.23,236.45807212087942
14.24,241.63582967657618
14.25,215.2730509156391
14.26,238.1715447850896
14.27,241.63582967657618
14.280000000000001,241.63582967657618
14.290000000000001,257.8593560989382
14.3,261.61000680017145
14.31,265.4152119720878
14.32,271.2270483237044
14.33,271.2270483237044
14.34,269.2757651277356
14.35,267.3385200084793
14.36,267.3385200084793
14.370000000000001,275.1721365856887
14.38,267.3385200084793
14.39,257.8593560989382
14.4,257.8593560989382
14.41,257.8593560989382
14.42,234.75692665794614
14.43,216.83300818322817
14.44,209.1446450341298
14.450000000000001,200.27759822522142
14.46,271.2270483237044
14.47,275.1721365856887
14.48,283.2352956496178
14.49,283.2352956496178
14.5,271.2270483237044
14.51,271.2270483237044
14.52,269.2757651277356
14.530000000000001,267.3385200084793
14.540000000000001,267.3385200084793
14.55,119.08577239254483
14.56,119.94871698927936
14.57,119.94871698927936
14.58,119.94871698927936
14.59,228.07385265524908
14.6,151.12591344267588
14.61,271.2270483237044
14.620000000000001,271.2270483237044
14.63,271.2270483237044
14.64,273.1924713220765
14.65,273.1924713220765
14.66,283.2352956496178
14.67,283.2352956496178
14.68,281.19762176597635
14.69,271.2270483237044
14.700000000000001,271.2270483237044
14.71,216.83300818322817
14.72,216.83300818322817
14.73,271.2270483237044
14.74,267.3385200084793
14.75,267.3385200084793
14.76,267.3385200084793
14.77,246.92696535916497
14.780000000000001,246.92696535916497
14.790000000000001,246.92696535916497
14.8,210.6601933464274
14.81,234.75692665794614
14.82,191.78648511090285
14.83,191.78648511090285
14.84,193.1762490409517
14.85,193.1762490409517
14.86,194.57608377333133
14.870000000000001,194.57608377333133
14.88,116.5340098554791
14.89,116.5340098554791
14.9,116.5340098554791
14.91,116.5340098554791
14.92,115.69563161630555
14.93,115.69563161630555
14.94,115.69563161630555
14.950000000000001,115.69563161630555
14.96,127.0812388658893
14.97,133.66926000423965
14.98,133.66926000423965
14.99,136.59623566103824
15.0,133.66926000423965
15.01,133.66926000423965
15.02,130.80500340008572
15.030000000000001,128.9296780494691
15.040000000000001,128.9296780494691
15.05,127.0812388658893
15.06,123.46348267958248
15.07,119.08577239254483
15.08,151.12591344267588
15.09,151.12591344267588
15.1,177.1434014216652
15.11,172.10047264574283
15.120000000000001,172.10047264574283
15.13,177.1434014216652
15.14,0
15.15,0
15.16,0
15.17,115.69563161630555
15.18,0
15.19,0
15.200000000000001,89.21352776553782
15.21,0
15.22,0
15.23,0
15.24,183.65536733584872
15.25,186.3266961668226
15.26,186.3266961668226
15.27,186.3266961668226
15.280000000000001,194.57608377333133
15.290000000000001,194.57608377333133
15.3,200.27759822522142
15.31,197.40625808264608
15.32,0
15.33,194.57608377333133
15.34,0
15.35,0
15.36,0
15.370000000000001,0
15.38,0
15.39,0
15.4,0
15.41,0
15.42,0
15.43,0
15.44,0
15.450000000000001,0
15.46,0
15.47,0
15.48,0
15.49,0
15.5,0
15.51,0
15.52,0
15.530000000000001,0
15.540000000000001,0
15.55,0
15.56,0
15.57,0
15.58,0
15.59,0
15.6,0
15.610000000000001,177.1434014216652
15.620000000000001,177.1434014216652
15.63,177.1434014216652
15.64,172.10047264574283
15.65,172.10047264574283
15.66,172.10047264574283
15.67,172.10047264574283
15.68,177.1434014216652
15.69,177.1434014216652
15.700000000000001,186.3266961668226
15.71,191.78648511090285
15.72,194.57608377333133
15.73,194.57608377333133
15.74,194.57608377333133
15.75,194.57608377333133
15.76,200.27759822522142
15.77,200.27759822522142
15.780000000000001,200.27759822522142
15.790000000000001,200.27759822522142
15.8,203.19070297189003
15.81,204.66310656564855
15.82,210.6601933464274
15.83,210.6601933464274
15.84,224.80400313436365
15.85,226.4330256106141
15.860000000000001,231.3912632326111
15.870000000000001,233.06801971095814
15.88,234.75692665794614
15.89,234.75692665794614
15.9,234.75692665794614
15.91,234.75692665794614
15.92,234.75692665794614
15.93,234.75692665794614
15.94,234.75692665794614
15.950000000000001,234.75692665794614
15.96,234.75692665794614
15.97,234.75692665794614
15.98,0
15.99,0
16.0,233.06801971095814
16.01,0
16.02,0
16.03,0
16.04,179.72001152731553
16.05,0
16.06,221.58103279653565
16.07,226.4330256106141
16.080000000000002,236.45807212087942
16.09,236.45807212087942
16.1,236.45807212087942
16.11,234.75692665794614
16.12,236.45807212087942
16.13,233.06801971095814
16.14,233.06801971095814
16.15,231.3912632326111
16.16,228.07385265524908
16.17,228.07385265524908
16.18,229.72656980903736
16.19,231.3912632326111
16.2,231.3912632326111
16.21,234.75692665794614
16.22,238.1715447850896
16.23,238.1715447850896
16.240000000000002,254.16247773177858
16.25,254.16247773177858
16.26,254.16247773177858
16.27,254.16247773177858
16.28,248.7162999393057
16.29,241.63582967657618
16.3,241.63582967657618
16.31,233.06801971095814
16.32,233.06801971095814
16.330000000000002,233.06801971095814
16.34,233.06801971095814
16.35,233.06801971095814
16.36,233.06801971095814
16.37,234.75692665794614
16.38,234.75692665794614
16.39,254.16247773177858
16.4,254.16247773177858
16.41,254.16247773177858
16.42,254.16247773177858
16.43,254.16247773177858
16.44,254.16247773177858
16.45,241.63582967657618
16.46,234.75692665794614
16.47,234.75692665794614
16.48,234.75692665794614
16.490000000000002,234.75692665794614
16.5,234.75692665794614
16.51,241.63582967657618
16.52,246.92696535916497
16.53,254.16247773177858
16.54,254.16247773177858
16.55,0
16.56,0
16.57,0
16.580000000000002,0
16.59,0
16.6,0
16.61,0
16.62,0
16.63,0
16.64,0
16.65,0
16.66,0
16.67,0
16.68,0
16.69,0
16.7,0
16.71,0
16.72,0
16.73,0
16.740000000000002,0
16.75,0
16.76,0
16.77,0
16.78,0
16.79,0
16.8,0
16.81,0
16.82,0
16.830000000000002,0
16.84,0
16.85,0
16.86,0
16.87,0
16.88,0
16.89,0
16.9,0
16.91,0
16.92,0
16.93,0
16.94,0
16.95,0
16.96,0
16.97,0
16.98,0
16.990000000000002,0
17.0,0
17.01,0
17.02,177.1434014216652
17.03,177.1434014216652
17.04,177.1434014216652
17.05,177.1434014216652
17.06,173.34758361442815
17.07,173.34758361442815
17.080000000000002,173.34758361442815
17.09,178.42705553107564
17.1,182.33409928995593
17.11,183.65536733584872
17.12,187.67689621552822
17.13,194.57608377333133
17.14,194.57608377333133
17.150000000000002,197.40625808264608
17.16,197.40625808264608
17.17,200.27759822522142
17.18,200.27759822522142
17.19,200.27759822522142
17.2,200.27759822522142
17.21,200.27759822522142
17.22,203.19070297189003
17.23,177.1434014216652
17.240000000000002,177.1434014216652
17.25,0
17.26,0
17.27,0
17.28,0
17.29,0
17.3,119.94871698927936
17.31,121.69341125321469
17.32,123.46348267958248
17.330000000000002,118.22903606043971
17.34,121.69341125321469
17.35,121.69341125321469
17.36,121.69341125321469
17.37,224.80400313436365
17.38,224.80400313436365
17.39,228.07385265524908
17.400000000000002,228.07385265524908
17.41,228.07385265524908
17.42,228.07385265524908
17.43,228.07385265524908
17.44,119.94871698927936
17.45,119.94871698927936
17.46,234.75692665794614
17.47,241.63582967657618
17.48,241.63582967657618
17.490000000000002,241.63582967657618
17.5,241.63582967657618
17.51,238.1715447850896
17.52,233.06801971095814
17.53,233.06801971095814
17.54,231.3912632326111
17.55,229.72656980903736
17.56,228.07385265524908
17.57,226.4330256106141
17.580000000000002,226.4330256106141
17.59,226.4330256106141
17.6,241.63582967657618
17.61,241.63582967657618
17.62,0
17.63,144.71867051127512
17.64,122.5752518760642
17.650000000000002,119.94871698927936
17.66,119.94871698927936
17.67,119.94871698927936
17.68,119.94871698927936
17.69,126.16698091317228
17.7,226.4330256106141
17.71,229.72656980903736
17.72,229.72656980903736
17.73,224.80400313436365
17.740000000000002,236.45807212087942
17.75,236.45807212087942
17.76,236.45807212087942
17.77,241.63582967657618
17.78,241.63582967657618
17.79,246.92696535916497
17.8,246.92696535916497
17.81,246.92696535916497
17.82,246.92696535916497
17.830000000000002,246.92696535916497
17.84,246.92696535916497
17.85,241.63582967657618
17.86,231.3912632326111
17.87,231.3912632326111
17.88,231.3912632326111
17.89,231.3912632326111
17.900000000000002,223.18670030113336
17.91,223.18670030113336
17.92,0
17.93,0
17.94,156.68145087274914
17.95,160.1123278938524
17.96,156.68145087274914
17.97,161.27256782386812
17.98,313.3629017454983
17.990000000000002,313.3629017454983
18.0,295.7751935049732
18.01,0
18.02,0
18.03,0
18.04,0
18.05,0
18.06,0
18.07,0
18.080000000000002,0
18.09,0
18.1,0
18.11,0
18.12,0
18.13,0
18.14,0
18.150000000000002,0
18.16,197.40625808264608
18.17,0
18.18,0
18.19,0
18.2,0
18.21,0
18.22,0
18.23,0
18.240000000000002,0
18.25,0
18.26,0
18.27,0
18.28,0
18.29,136.59623566103824
18.3,0
18.31,0
18.32,0
18.330000000000002,0
18.34,0
18.35,0
18.36,0
18.37,0
18.38,0
18.39,0
18.400000000000002,0
18.41,0
18.42,0
18.43,0
18.44,0
18.45,0
18.46,0
18.47,204.66310656564855
18.48,203.19070297189003
18.490000000000002,203.19070297189003
18.5,203.19070297189003
18.51,200.27759822522142
18.52,200.27759822522142
18.53,200.27759822522142
18.54,203.19070297189003
18.55,203.19070297189003
18.56,204.66310656564855
18.57,207.64
18.580000000000002,207.64
18.59,207.64
18.6,207.64
18.61,204.66310656564855
18.62,204.66310656564855
18.63,207.64
18.64,207.64
18.650000000000002,215.2730509156391
18.66,213.72431641665463
18.67,229.72656980903736
18.68,231.3912632326111
18.69,238.1715447850896
18.7,238.1715447850896
18.71,238.1715447850896
18.72,238.1715447850896
18.73,233.06801971095814
18.740000000000002,238.1715447850896
18.75,250.51860077542037
18.76,256.00424381722104
18.77,254.16247773177858
18.78,257.8593560989382
18.79,271.2270483237044
18.8,275.1721365856887
18.81,275.1721365856887
18.82,275.1721365856887
18.830000000000002,275.1721365856887
18.84,271.2270483237044
18.85,271.2270483237044
18.86,271.2270483237044
18.87,271.2270483237044
18.88,271.2270483237044
18.89,281.19762176597635
18.900000000000002,271.2270483237044
18.91,285.28773535819766
18.92,85.43116687097232
18.93,267.3385200084793
18.94,133.66926000423965
18.95,133.66926000423965
18.96,133.66926000423965
18.97,139.58730373890074
18.98,139.58730373890074
18.990000000000002,127.0812388658893
19.0,125.25930038771017
19.01,125.25930038771017
19.02,125.25930038771017
19.03,125.25930038771017
19.04,0
19.05,0
19.06,267.3385200084793
19.07,267.3385200084793
19.080000000000002,267.3385200084793
19.09,0
19.1,0
19.11,0
19.12,0
19.13,0
19.14,0
19.150000000000002,0
19.16,0
19.17,0
19.18,177.1434014216652
19.19,267.3385200084793
19.2,267.3385200084793
19.21,267.3385200084793
19.22,0
19.23,0
19.240000000000002,550.3442731713774
19.25,550.3442731713774
19.26,550.3442731713774
19.27,550.3442731713774
19.28,269.2757651277356
19.29,0
19.3,534.6770400169586
19.31,0
19.32,0
19.330000000000002,0
19.34,0
19.35,0
19.36,0
19.37,0
19.38,0
19.39,0
19.400000000000002,0
19.41,0
19.42,0
19.43,0
19.44,0
19.45,0
19.46,0
19.47,0
19.48,0
19.490000000000002,0
19.5,0
19.51,0
19.52,0
19.53,0
19.54,0
19.55,0
19.56,0
19.57,0
19.580000000000002,0
19.59,173.34758361442815
19.6,177.1434014216652
19.61,177.1434014216652
19.62,177.1434014216652
19.63,216.83300818322817
19.64,216.83300818322817
19.650000000000002,0
19.66,0
19.67,0
19.68,0
19.69,0
19.7,0
19.71,0
19.72,0
19.73,0
19.740000000000002,0
19.75,0
19.76,0
19.77,0
19.78,0
19.79,0
19.8,0
19.81,179.72001152731553
19.82,179.72001152731553
19.830000000000002,177.1434014216652
19.84,178.42705553107564
19.85,167.20110626297156
19.86,164.80397721533848
19.87,313.3629017454983
19.88,311.1084814426742
19.89,302.25182688535176
19.900000000000002,91.16704964497796
19.91,0
19.92,179.72001152731553
19.93,179.72001152731553
19.94,187.67689621552822
19.95,187.67689621552822
19.96,187.67689621552822
19.97,193.1762490409517
19.98,194.57608377333133
19.990000000000002,200.27759822522142
20.0,200.27759822522142
20.01,201.72889226113472
20.02,203.19070297189003
20.03,203.19070297189003
20.04,203.19070297189003
20.05,203.19070297189003
20.06,200.27759822522142
20.07,200.27759822522142
20.080000000000002,200.27759822522142
20.09,200.27759822522142
20.1,0
20.11,0
20.12,224.80400313436365
20.13,228.07385265524908
20.14,0
20.150000000000002,241.63582967657618
20.16,241.63582967657618
20.17,241.63582967657618
20.18,246.92696535916497
20.19,241.63582967657618
20.2,241.63582967657618
20.21,0
20.22,0
20.23,0
20.240000000000002,0
20.25,0
20.26,0
20.27,0
20.28,0
20.29,0
20.3,0
20.31,0
20.32,0
20.330000000000002,0
20.34,0
20.35,257.8593560989382
20.36,0
20.37,151.12591344267588
20.38,271.2270483237044
20.39,271.2270483237044
20.400000000000002,275.1721365856887
20.41,271.2270483237044
20.42,271.2270483237044
20.43,267.3385200084793
20.44,267.3385200084793
20.45,261.61000680017145
20.46,257.8593560989382
20.47,257.8593560989382
20.48,257.8593560989382
20.490000000000002,257.8593560989382
20.5,257.8593560989382
20.51,257.8593560989382
20.52,267.3385200084793
20.53,271.2270483237044
20.54,271.2270483237044
20.55,271.2270483237044
20.56,275.1721365856887
20.57,0
20.580000000000002,275.1721365856887
20.59,275.1721365856887
20.6,275.1721365856887
20.61,271.2270483237044
20.62,271.2270483237044
20.63,269.2757651277356
20.64,267.3385200084793
20.650000000000002,257.8593560989382
20.66,257.8593560989382
20.67,257.8593560989382
20.68,257.8593560989382
20.69,257.8593560989382
20.7,257.8593560989382
20.71,271.2270483237044
20.72,271.2270483237044
20.73,271.2270483237044
20.740000000000002,275.1721365856887
20.75,275.1721365856887
20.76,275.1721365856887
20.77,273.1924713220765
20.78,273.1924713220765
20.79,267.3385200084793
20.8,267.3385200084793
20.81,257.8593560989382
20.82,257.8593560989382
20.830000000000002,257.8593560989382
20.84,257.8593560989382
20.85,257.8593560989382
20.86,269.2757651277356
20.87,271.2270483237044
20.88,271.2270483237044
20.89,273.1924713220765
20.900000000000002,275.1721365856887
20.91,279.17460747780154
20.92,271.2270483237044
20.93,271.2270483237044
20.94,271.2270483237044
20.95,271.2270483237044
20.96,0
20.97,0
20.98,0
20.990000000000002,0
21.0,0
21.01,101.59535148594502
21.02,0
21.03,152.22103410916532
21.04,0
21.05,204.66310656564855
21.06,197.40625808264608
21.07,97.28804188666567
21.080000000000002,0
21.09,0
21.1,0
21.11,0
21.12,119.94871698927936
21.13,433.66601636645635
21.14,433.66601636645635
21.150000000000002,0
21.16,140.59881088298818
21.17,0
21.18,0
21.19,0
21.2,0
21.21,0
21.22,0
21.23,0
21.240000000000002,0
21.25,0
21.26,0
21.27,0
21.28,0
21.29,0
21.3,0
21.31,0
21.32,0
21.330000000000002,0
21.34,0
21.35,0
21.36,0
21.37,101.59535148594502
21.38,101.59535148594502
21.39,110.79051639826783
21.400000000000002,106.86215820832734
21.41,112.40200156718183
21.42,203.19070297189003
21.43,0
21.44,0
21.45,140.59881088298818
21.46,203.19070297189003
21.47,0
21.48,433.66601636645635
21.490000000000002,433.66601636645635
21.5,433.66601636645635
21.51,421.3203866928548
21.52,421.3203866928548
21.53,88.5717007108326
21.54,351.73796455742075
21.55,359.440023054631
21.56,344.2009452914856
21.57,317.9208701083809
21.580000000000002,281.19762176597635
21.59,281.19762176597635
21.6,281.19762176597635
21.61,287.35504789097007
21.62,293.64730409114946
21.63,295.7751935049732
21.64,304.4420682183307
21.650000000000002,313.3629017454983
21.66,313.3629017454983
21.67,313.3629017454983
21.68,317.9208701083809
21.69,317.9208701083809
21.7,317.9208701083809
21.71,313.3629017454983
21.72,313.3629017454983
21.73,311.1084814426742
21.740000000000002,313.3629017454983
21.75,313.3629017454983
21.76,302.25182688535176
21.77,313.3629017454983
21.78,313.3629017454983
21.79,313.3629017454983
21.8,313.3629017454983
21.81,313.3629017454983
21.82,306.6481809428776
21.830000000000002,306.6481809428776
21.84,306.6481809428776
21.85,302.25182688535176
21.86,302.25182688535176
21.87,302.25182688535176
21.88,302.25182688535176
21.89,302.25182688535176
21.900000000000002,302.25182688535176
21.91,302.25182688535176
21.92,302.25182688535176
21.93,302.25182688535176
21.94,302.25182688535176
21.95,302.25182688535176
21.96,302.25182688535176
21.97,302.25182688535176
21.98,302.25182688535176
21.990000000000002,300.077342760714
22.0,293.64730409114946
22.01,275.1721365856887
22.02,271.2270483237044
22.03,269.2757651277356
22.04,269.2757651277356
22.05,271.2270483237044
22.06,271.2270483237044
22.07,269.2757651277356
22.080000000000002,269.2757651277356
22.09,261.61000680017145
22.1,257.8593560989382
22.11,257.8593560989382
22.12,256.00424381722104
22.13,0
22.14,0
22.150000000000002,0
22.16,0
22.17,0
22.18,0
22.19,0
22.2,0
22.21,0
22.22,0
22.23,0
22.240000000000002,0
22.25,0
22.26,0
22.27,228.07385265524908
22.28,228.07385265524908
22.29,233.06801971095814
22.3,233.06801971095814
22.31,229.72656980903736
22.32,228.07385265524908
22.330000000000002,226.4330256106141
22.34,224.80400313436365
22.35,224.80400313436365
22.36,224.80400313436365
22.37,224.80400313436365
22.38,228.07385265524908
22.39,231.3912632326111
22.400000000000002,234.75692665794614
22.41,238.1715447850896
22.42,238.1715447850896
22.43,241.63582967657618
22.44,238.1715447850896
22.45,238.1715447850896
22.46,234.75692665794614
22.47,231.3912632326111
22.48,231.3912632326111
22.490000000000002,228.07385265524908
22.5,231.3912632326111
22.51,233.06801971095814
22.52,233.06801971095814
22.53,241.63582967657618
22.54,252.33396182634456
22.55,241.63582967657618
22.56,246.92696535916497
22.57,234.75692665794614
22.580000000000002,228.07385265524908
22.59,228.07385265524908
22.6,228.07385265524908
22.61,0
22.62,0
22.63,0
22.64,0
22.650000000000002,0
22.66,0
22.67,0
22.68,173.34758361442815
22.69,173.34758361442815
22.7,173.34758361442815
22.71,182.33409928995593
22.72,187.67689621552822
22.73,189.0368803703712
22.740000000000002,193.1762490409517
22.75,194.57608377333133
22.76,194.57608377333133
22.77,194.57608377333133
22.78,194.57608377333133
22.79,194.57608377333133
22.8,194.57608377333133
22.81,194.57608377333133
22.82,194.57608377333133
22.830000000000002,194.57608377333133
22.84,0
22.85,0
22.86,0
22.87,0
22.88,0
22.89,0
22.900000000000002,0
22.91,0
22.92,177.1434014216652
22.93,177.1434014216652
22.94,151.12591344267588
22.95,151.12591344267588
22.96,0
22.97,0
22.98,231.3912632326111
22.990000000000002,233.06801971095814
23.0,236.45807212087942
23.01,245.15050375212843
23.02,0
23.03,0
23.04,0
23.05,170.86233374194464
23.06,0
23.07,0
23.080000000000002,0
23.09,0
23.1,0
23.11,0
23.12,0
23.13,0
23.14,0
23.150000000000002,0
23.16,0
23.17,0
23.18,0
23.19,257.8593560989382
23.2,257.8593560989382
23.21,257.8593560989382
23.22,233.06801971095814
23.23,233.06801971095814
23.240000000000002,233.06801971095814
23.25,233.06801971095814
23.26,233.06801971095814
23.27,233.06801971095814
23.28,228.07385265524908
23.29,228.07385265524908
23.3,228.07385265524908
23.31,228.07385265524908
23.32,228.07385265524908
23.330000000000002,231.3912632326111
23.34,233.06801971095814
23.35,234.75692665794614
23.36,236.45807212087942
23.37,241.63582967657618
23.38,241.63582967657618
23.39,245.15050375212843
23.400000000000002,241.63582967657618
23.41,238.1715447850896
23.42,238.1715447850896
23.43,234.75692665794614
23.44,234.75692665794614
23.45,233.06801971095814
23.46,231.3912632326111
23.47,233.06801971095814
23.48,233.06801971095814
23.490000000000002,234.75692665794614
23.5,239.89743397855878
23.51,246.92696535916497
23.52,254.16247773177858
23.53,254.16247773177858
23.54,254.16247773177858
23.55,246.92696535916497
23.56,234.75692665794614
23.57,234.75692665794614
23.580000000000002,234.75692665794614
23.59,234.75692665794614
23.6,0
23.61,0
23.62,0
23.63,0
23.64,187.67689621552822
23.650000000000002,224.80400313436365
23.66,156.68145087274914
23.67,163.61833133910076
23.68,163.61833133910076
23.69,155.55424072133707
23.7,219.98691691276406
23.71,0
23.72,0
23.73,0
23.740000000000002,177.1434014216652
23.75,177.1434014216652
23.76,0
23.77,0
23.78,0
23.79,0
23.8,0
23.81,0
23.82,0
23.830000000000002,0
23.84,0
23.85,0
23.86,0
23.87,177.1434014216652
23.88,173.34758361442815
23.89,173.34758361442815
23.900000000000002,170.86233374194464
23.91,163.61833133910076
23.92,164.80397721533848
23.93,156.68145087274914
23.94,156.68145087274914
23.95,156.68145087274914
23.96,158.9604350541904
23.97,157.8168292535811
23.98,157.8168292535811
23.990000000000002,152.22103410916532
24.0,152.22103410916532
24.01,152.22103410916532
24.02,157.8168292535811
24.03,151.12591344267588
24.04,153.3240904714388
24.05,155.55424072133707
24.060000000000002,157.8168292535811
24.07,157.8168292535811
24.080000000000002,157.8168292535811
24.09,157.8168292535811
24.1,158.9604350541904
24.11,164.80397721533848
24.12,164.80397721533848
24.13,168.4127144032124
24.14,168.4127144032124
24.150000000000002,170.86233374194464
24.16,172.10047264574283
24.17,172.10047264574283
24.18,178.42705553107564
24.19,178.42705553107564
24.2,179.72001152731553
24.21,183.65536733584872
24.22,186.3266961668226
24.23,187.67689621552822
24.240000000000002,193.1762490409517
24.25,194.57608377333133
24.26,194.57608377333133
24.27,197.40625808264608
24.28,197.40625808264608
24.29,0
24.3,0
24.310000000000002,0
24.32,0
24.330000000000002,0
24.34,0
24.35,0
24.36,0
24.37,0
24.38,0
24.39,0
24.400000000000002,0
24.41,257.8593560989382
24.42,233.06801971095814
24.43,233.06801971095814
24.44,233.06801971095814
24.45,228.07385265524908
24.46,228.07385265524908
24.47,228.07385265524908
24.48,231.3912632326111
24.490000000000002,234.75692665794614
24.5,238.1715447850896
24.51,238.1715447850896
24.52,241.63582967657618
24.53,0
24.54,0
24.55,0
24.560000000000002,0
24.57,0
24.580000000000002,0
24.59,0
24.6,0
24.61,0
24.62,0
24.63,241.63582967657618
24.64,241.63582967657618
24.650000000000002,233.06801971095814
24.66,233.06801971095814
24.67,233.06801971095814
24.68,233.06801971095814
24.69,234.75692665794614
24.7,234.75692665794614
24.71,238.1715447850896
24.72,241.63582967657618
24.73,246.92696535916497
24.740000000000002,250.51860077542037
24.75,252.33396182634456
24.76,254.16247773177858
24.77,257.8593560989382
24.78,257.8593560989382
24.79,265.4152119720878
24.8,267.3385200084793
24.810000000000002,267.3385200084793
24.82,0
24.830000000000002,133.66926000423965
24.84,133.66926000423965
24.85,267.3385200084793
24.86,163.61833133910076
24.87,97.28804188666567
24.88,0
24.89,125.25930038771017
24.900000000000002,0
24.91,534.6770400169586
24.92,267.3385200084793
24.93,267.3385200084793
24.94,267.3385200084793
24.95,267.3385200084793
24.96,271.2270483237044
24.97,275.1721365856887
24.98,279.17460747780154
24.990000000000002,279.17460747780154
25.0,281.19762176597635
25.01,281.19762176597635
25.02,281.19762176597635
25.03,140.59881088298818
25.04,140.59881088298818
25.05,0
25.060000000000002,0
25.07,0
25.080000000000002,0
25.09,125.25930038771017
25.1,0
25.11,0
25.12,228.07385265524908
25.13,0
25.14,0
25.150000000000002,0
25.16,0
25.17,0
25.18,239.89743397855878
25.19,0
25.2,177.1434014216652
25.21,0
25.22,0
25.23,219.98691691276406
25.240000000000002,231.3912632326111
25.25,233.06801971095814
25.26,236.45807212087942
25.27,241.63582967657618
25.28,241.63582967657618
25.29,241.63582967657618
25.3,246.92696535916497
25.310000000000002,0
25.32,152.22103410916532
25.330000000000002,245.15050375212843
25.34,241.63582967657618
25.35,236.45807212087942
25.36,236.45807212087942
25.37,228.07385265524908
25.38,228.07385265524908
25.39,231.3912632326111
25.400000000000002,236.45807212087942
25.41,239.89743397855878
25.42,245.15050375212843
25.43,246.92696535916497
25.44,254.16247773177858
25.45,254.16247773177858
25.46,254.16247773177858
25.47,254.16247773177858
25.48,246.92696535916497
25.490000000000002,0
25.5,0
25.51,0
25.52,0
25.53,151.12591344267588
25.54,151.12591344267588
25.55,151.12591344267588
25.560000000000002,151.12591344267588
25.57,165.9982147703467
25.580000000000002,151.12591344267588
25.59,151.12591344267588
25.6,158.9604350541904
25.61,0
25.62,151.12591344267588
25.63,150.038671380357
25.64,119.94871698927936
25.650000000000002,117.37846332897307
25.66,0
25.67,0
25.68,257.8593560989382
25.69,257.8593560989382
25.7,261.61000680017145
25.71,261.61000680017145
25.72,261.61000680017145
25.73,261.61000680017145
25.740000000000002,186.3266961668226
25.75,221.58103279653565
