0.0,0.0
0.01,0.0
0.02,0.0
0.03,0.0
0.04,0.0
0.05,0.0
0.06,0.0
0.07,0.0
0.08,0.0
0.09,0.0
0.1,0.0
0.11,0.0
0.12,0.0
0.13,0.0
0.14,0.0
0.15,0.0
0.16,0.0
0.17,0.0
0.18,0.0
0.19,0.0
0.2,0.0
0.21,0.0
0.22,0.0
0.23,0.0
0.24,0.0
0.25,0.0
0.26,0.0
0.27,0.0
0.28,0.0
0.29,0.0
0.3,0.0
0.31,0.0
0.32,0.0
0.33,0.0
0.34,0.0
0.35000000000000003,0.0
0.36,0.0
0.37,0.0
0.38,0.0
0.39,0.0
0.4,0.0
0.41000000000000003,0.0
0.42,0.0
0.43,0.0
0.44,0.0
0.45,0.0
0.46,0.0
0.47000000000000003,0.0
0.48,0.0
0.49,0.0
0.5,0.0
0.51,0.0
0.52,0.0
0.53,0.0
0.54,0.0
0.55,0.0
0.56,0.0
0.5700000000000001,0.0
0.58,0.0
0.59,0.0
0.6,0.0
0.61,0.0
0.62,0.0
0.63,0.0
0.64,0.0
0.65,0.0
0.66,0.0
0.67,0.0
0.68,0.0
0.6900000000000001,0.0
0.7000000000000001,0.0
0.71,0.0
0.72,0.0
0.73,0.0
0.74,0.0
0.75,0.0
0.76,0.0
0.77,0.0
0.78,0.0
0.79,0.0
0.8,0.0
0.81,0.0
0.8200000000000001,0.0
0.8300000000000001,0.0
0.84,0.0
0.85,0.0
0.86,0.0
0.87,0.0
0.88,0.0
0.89,0.0
0.9,0.0
0.91,0.0
0.92,0.0
0.93,0.0
0.9400000000000001,0.0
0.9500000000000001,0.0
0.96,0.0
0.97,0.0
0.98,0.0
0.99,0.0
1.0,0.0
1.01,0.0
1.02,0.0
1.03,0.0
1.04,0.0
1.05,0.0
1.06,0.0
1.07,0.0
1.08,0.0
1.09,0.0
1.1,0.0
1.11,0.0
1.12,0.0
1.1300000000000001,0.0
1.1400000000000001,0.0
1.1500000000000001,0.0
1.16,0.0
1.17,0.0
1.18,0.0
1.19,0.0
1.2,0.0
1.21,0.0
1.22,0.0
1.23,0.0
1.24,0.0
1.25,0.0
1.26,0.0
1.27,0.0
1.28,0.0
1.29,0.0
1.3,0.0
1.31,0.0
1.32,0.0
1.33,0.0
1.34,0.0
1.35,0.0
1.36,0.0
1.37,0.0
1.3800000000000001,0.0
1.3900000000000001,0.0
1.4000000000000001,0.0
1.41,0.0
1.42,0.0
1.43,0.0
1.44,0.0
1.45,0.0
1.46,0.0
1.47,0.0
1.48,0.0
1.49,0.0
1.5,0.0
1.51,0.0
1.52,0.0
1.53,0.0
1.54,0.0
1.55,0.0
1.56,0.0
1.57,0.0
1.58,0.0
1.59,0.0
1.6,0.0
1.61,0.0
1.62,0.0
1.6300000000000001,0.0
1.6400000000000001,0.0
1.6500000000000001,0.0
1.6600000000000001,0.0
1.67,0.0
1.68,0.0
1.69,0.0
1.7,0.0
1.71,0.0
1.72,0.0
1.73,0.0
1.74,0.0
1.75,0.0
1.76,0.0
1.77,0.0
1.78,0.0
1.79,0.0
1.8,0.0
1.81,0.0
1.82,0.0
1.83,0.0
1.84,0.0
1.85,0.0
1.86,0.0
1.87,0.0
1.8800000000000001,0.0
1.8900000000000001,0.0
1.9000000000000001,0.0
1.9100000000000001,0.0
1.92,0.0
1.93,0.0
1.94,0.0
1.95,0.0
1.96,0.0
1.97,0.0
1.98,0.0
1.99,0.0
2.0,0.0
2.0100000000000002,0.0
2.02,0.0
2.0300000000000002,0.0
2.04,0.0
2.05,0.0
2.06,0.0
2.07,0.0
2.08,0.0
2.09,0.0
2.1,0.0
2.11,0.0
2.12,0.0
2.13,0.0
2.14,0.0
2.15,0.0
2.16,0.0
2.17,0.0
2.18,0.0
2.19,0.0
2.2,0.0
2.21,0.0
2.22,0.0
2.23,0.0
2.24,0.0
2.25,0.0
2.2600000000000002,0.0
2.27,0.0
2.2800000000000002,0.0
2.29,0.0
2.3000000000000003,0.0
2.31,0.0
2.32,0.0
2.33,0.0
2.34,0.0
2.35,0.0
2.36,0.0
2.37,0.0
2.38,0.0
2.39,0.0
2.4,0.0
2.41,0.0
2.42,0.0
2.43,0.0
2.44,0.0
2.45,0.0
2.46,0.0
2.47,0.0
2.48,0.0
2.49,0.0
2.5,0.0
2.5100000000000002,0.0
2.52,0.0
2.5300000000000002,0.0
2.54,0.0
2.5500000000000003,0.0
2.56,0.0
2.57,0.0
2.58,0.0
2.59,0.0
2.6,0.0
2.61,0.0
2.62,0.0
2.63,0.0
2.64,0.0
2.65,0.0
2.66,0.0
2.67,0.0
2.68,0.0
2.69,0.0
2.7,0.0
2.71,0.0
2.72,0.0
2.73,0.0
2.74,0.0
2.75,0.0
2.7600000000000002,0.0
2.77,0.0
2.7800000000000002,0.0
2.79,0.0
2.8000000000000003,0.0
2.81,0.0
2.82,0.0
2.83,0.0
2.84,0.0
2.85,0.0
2.86,0.0
2.87,0.0
2.88,0.0
2.89,0.0
2.9,0.0
2.91,0.0
2.92,0.0
2.93,0.0
2.94,0.0
2.95,0.0
2.96,0.0
2.97,0.0
2.98,0.0
2.99,0.0
3.0,0.0
3.0100000000000002,0.0
3.02,0.0
3.0300000000000002,0.0
3.04,0.0
3.0500000000000003,0.0
3.06,0.0
3.0700000000000003,0.0
3.08,0.0
3.09,0.0
3.1,0.0
3.11,0.0
3.12,0.0
3.13,0.0
3.14,0.0
3.15,0.0
3.16,0.0
3.17,0.0
3.18,0.0
3.19,0.0
3.2,0.0
3.21,0.0
3.22,0.0
3.23,0.0
3.24,0.0
3.25,0.0
3.2600000000000002,0.0
3.27,0.0
3.2800000000000002,0.0
3.29,0.0
3.3000000000000003,0.0
3.31,0.0
3.3200000000000003,0.0
3.33,0.0
3.34,0.0
3.35,0.0
3.36,0.0
3.37,0.0
3.38,0.0
3.39,0.0
3.4,0.0
3.41,0.0
3.42,0.0
3.43,0.0
3.44,0.0
3.45,0.0
3.46,0.0
3.47,0.0
3.48,0.0
3.49,0.0
3.5,0.0
3.5100000000000002,0.0
3.52,0.0
3.5300000000000002,0.0
3.54,0.0
3.5500000000000003,0.0
3.56,0.0
3.5700000000000003,0.0
3.58,0.0
3.59,0.0
3.6,0.0
3.61,0.0
3.62,0.0
3.63,0.0
3.64,0.0
3.65,0.0
3.66,0.0
3.67,0.0
3.68,0.0
3.69,0.0
3.7,0.0
3.71,0.0
3.72,0.0
3.73,0.0
3.74,0.0
3.75,0.0
3.7600000000000002,0.0
3.77,0.0
3.7800000000000002,0.0
3.79,0.0
3.8000000000000003,0.0
3.81,0.0
3.8200000000000003,0.0
3.83,0.0
3.84,0.0
3.85,0.0
3.86,0.0
3.87,0.0
3.88,0.0
3.89,0.0
3.9,0.0
3.91,0.0
3.92,0.0
3.93,0.0
3.94,0.0
3.95,0.0
3.96,0.0
3.97,0.0
3.98,0.0
3.99,0.0
4.0,0.0
4.01,358.56038006350246
4.0200000000000005,354.9885104758326
4.03,353.8018434645886
4.04,351.45385828359383
4.05,350.60424354753593
4.0600000000000005,352.8889537832924
4.07,355.7426701205029
4.08,358.86099692295625
4.09,362.6494995513388
4.1,366.15546206937574
4.11,370.85907600792575
4.12,376.070324671524
4.13,379.8753954124405
4.14,382.7707245177573
4.15,385.51026758175914
4.16,389.1173639376965
4.17,392.3945531713814
4.18,394.92720707349264
4.19,397.84175908188405
4.2,402.8097910097532
4.21,406.745465950076
4.22,409.81329922691424
4.23,413.80085782781504
4.24,416.22825701538176
4.25,418.48503157537493
4.26,420.3918013034061
4.2700000000000005,423.00736909104086
4.28,424.8066775846129
4.29,427.0862291761219
4.3,429.25956364727404
4.3100000000000005,429.5885350409581
4.32,429.2608519893865
4.33,429.73376188661604
4.34,430.31475612359066
4.3500000000000005,431.0517198680338
4.36,431.93243640894065
4.37,433.7254226865828
4.38,436.09005527278856
4.39,437.9991272900328
4.4,438.5609606857204
4.41,438.7088462615055
4.42,438.70220444763265
4.43,438.1995686606236
4.44,438.45855547505926
4.45,439.8187389606645
4.46,441.23794614843854
4.47,442.16970260825525
4.48,442.701324408917
4.49,442.89564496972963
4.5,443.3585462372474
4.51,444.22843216545414
4.5200000000000005,444.66229747617643
4.53,444.86502230076746
4.54,445.17615854172925
4.55,445.5735604716567
4.5600000000000005,445.9957638413894
4.57,446.6956518652255
4.58,447.73217700788905
4.59,448.46091161558184
4.6000000000000005,448.7599544086447
4.61,448.3923862791626
4.62,447.1675926950989
4.63,446.2576223997274
4.64,446.10176091029916
4.65,446.917128478149
4.66,447.96146563482887
4.67,447.9444762412102
4.68,448.59312506326006
4.69,449.17687854971564
4.7,448.6974954099554
4.71,447.96853959828445
4.72,448.2402650742453
4.73,449.1856825514125
4.74,448.4203238726992
4.75,446.4835277084102
4.76,446.01373698322413
4.7700000000000005,446.20391705280645
4.78,446.3277089552107
4.79,447.4690840911746
4.8,448.5056699218608
4.8100000000000005,448.5844068496666
4.82,448.2999965402614
4.83,447.90347066568654
4.84,447.32148697766485
4.8500000000000005,447.12096435584925
4.86,448.089693322567
4.87,449.16563099093867
4.88,449.65673960998663
4.89,449.4511995436318
4.9,448.68233106565
4.91,448.86968625875954
4.92,449.27433239875666
4.93,449.887869484671
4.94,450.60825045086403
4.95,450.42799400863186
4.96,449.8174427573015
4.97,448.8448993790862
4.98,448.32108744521446
4.99,448.4804196957554
5.0,449.0993006409264
5.01,449.5854821326705
5.0200000000000005,448.85461354463945
5.03,448.5251848601297
5.04,448.1519199249266
5.05,447.5082741949134
5.0600000000000005,447.7843036734881
5.07,448.4330980800075
5.08,448.6805908382816
5.09,448.3864178086434
5.1000000000000005,447.4674027442206
5.11,446.89003697910823
5.12,447.02652566477855
5.13,447.00784815634506
5.14,447.40709740135264
5.15,447.8228320875278
5.16,447.85534077268176
5.17,447.789145871914
5.18,447.878958427287
5.19,447.34454523254027
5.2,446.7907234937655
5.21,447.566279787059
5.22,448.3837818934332
5.23,448.9052956486671
5.24,449.3601202403148
5.25,449.53784578944135
5.26,449.3565400767036
5.2700000000000005,449.5042818061719
5.28,448.9922805731171
5.29,448.7894098113539
5.3,448.5373018221838
5.3100000000000005,448.41548888919806
5.32,448.1876447439524
5.33,448.1267675663962
5.34,448.16345639192895
5.3500000000000005,447.8824308598878
5.36,447.30972728953566
5.37,447.3051366935099
5.38,447.1491540987724
5.39,446.2218637228479
5.4,445.1383936927871
5.41,444.2719388018176
5.42,443.9589020640046
5.43,444.14416630570844
5.44,444.39172208665997
5.45,444.5661938541826
5.46,445.17133201357535
5.47,446.00477911916
5.48,447.43444086687566
5.49,449.2546828939328
5.5,449.54678634075367
5.51,449.3564500138982
5.5200000000000005,448.4628182453372
5.53,447.4684500100902
5.54,447.0542752534327
5.55,446.36661592464566
5.5600000000000005,445.7541999734751
5.57,444.9377054286881
5.58,443.60546767304186
5.59,442.9099947223466
5.6000000000000005,443.5641643789704
5.61,444.26505472715894
5.62,445.0454533684217
5.63,445.81824557100884
5.64,445.94308686153715
5.65,446.2292881623222
5.66,445.9662307262498
5.67,445.2674060004955
5.68,444.68395469744496
5.69,444.8162531876183
5.7,445.237727713228
5.71,445.32216755911725
5.72,444.9089162285156
5.73,444.02542281637596
5.74,443.2721477121179
5.75,442.34927298115787
5.76,441.92090615009806
5.7700000000000005,442.0682337530437
5.78,442.777199088825
5.79,443.8234151665337
5.8,444.98695032403333
5.8100000000000005,446.04950928350485
5.82,446.5907702953107
5.83,446.7243743441376
5.84,446.0840825817229
5.8500000000000005,445.1983984814721
5.86,444.1470223928507
5.87,443.02754841608925
5.88,442.15007215291325
5.89,442.09794520562895
5.9,441.9945545684207
5.91,441.9877550657519
5.92,442.41505851918265
5.93,442.67134101830186
5.94,442.73850596150385
5.95,442.8512879198343
5.96,442.862218137997
5.97,442.70536832672406
5.98,443.0713553734747
5.99,443.1823830449057
6.0,443.26957498328784
6.01,443.2590954340789
6.0200000000000005,442.9004213070726
6.03,442.92083561428
6.04,443.79432144008484
6.05,444.31095511301254
6.0600000000000005,444.690300105635
6.07,445.0531833090996
6.08,444.6454934774657
6.09,443.31602556287675
6.1000000000000005,440.1715711278469
6.11,435.4922750445177
6.12,429.6716934392872
6.13,424.82402094224636
6.140000000000001,421.7356095297305
6.15,421.0847606639885
6.16,423.1655272911448
6.17,427.2545498229209
6.18,432.73013008027584
6.19,438.07880672430576
6.2,442.18927808418647
6.21,443.8303852753439
6.22,443.5811634140023
6.23,442.87604443830116
6.24,441.10848511171395
6.25,439.28250897474703
6.26,437.04069821441874
6.2700000000000005,434.66403955283533
6.28,432.19014018995415
6.29,429.96736144080063
6.3,429.4732628910448
6.3100000000000005,429.1680950016119
6.32,428.74532388191324
6.33,427.83574165942025
6.34,427.13885270580045
6.3500000000000005,427.0398925352317
6.36,426.65708151789835
6.37,425.4990420273193
6.38,423.7718552754345
6.390000000000001,422.24494485855706
6.4,420.64045197316557
6.41,418.87153924371023
6.42,417.1573167450007
6.43,415.338022849282
6.44,413.79657619361893
6.45,412.3509106959635
6.46,411.27686293768113
6.47,409.9726262094292
6.48,408.8778615041442
6.49,408.50273144889803
6.5,407.5975724553617
6.51,406.18387203825324
6.5200000000000005,404.90035410005623
6.53,403.52990274201244
6.54,402.4854328914183
6.55,401.57172675234136
6.5600000000000005,400.09348519632056
6.57,398.5128389300632
6.58,397.26739112792876
6.59,396.29614454231427
6.6000000000000005,395.6527577682724
6.61,395.1071690486453
6.62,394.2686202300947
6.63,392.8349802876821
6.640000000000001,391.12965501398486
6.65,389.92845497738324
6.66,389.31186451492846
6.67,388.75902587326755
6.68,388.05719112583256
6.69,386.3601049826793
6.7,384.62377065028124
6.71,383.46230572997024
6.72,382.8333019924931
6.73,381.6928193508273
6.74,380.6831039390067
6.75,379.79166545870174
6.76,379.2288087365
6.7700000000000005,379.41010257049123
6.78,379.52142304102676
6.79,379.1660961266932
6.8,378.6033543162746
6.8100000000000005,378.29417294880255
6.82,377.9747698297408
6.83,378.3503181502076
6.84,378.08276879537584
6.8500000000000005,377.4805706278805
6.86,377.2032355980882
6.87,376.5903517101159
6.88,376.4014125559778
6.890000000000001,376.4549757851867
6.9,376.8808081502358
6.91,377.17044359329344
6.92,377.2975238382167
6.93,377.4774848365775
6.94,377.9680385883299
6.95,378.228764097492
6.96,377.8856614442208
6.97,377.41497982454865
6.98,377.03501999830246
6.99,377.0583531990543
7.0,377.47566118974595
7.01,377.87338205092675
7.0200000000000005,377.92695483473534
7.03,377.637866636641
7.04,377.0659202995644
7.05,376.5909559389401
7.0600000000000005,376.4217676470212
7.07,376.41238560099345
7.08,376.7156711508722
7.09,377.1001353793454
7.1000000000000005,377.36496894765577
7.11,376.98042351828366
7.12,376.7362311539587
7.13,376.9253109503792
7.140000000000001,377.05575602782955
7.15,377.312439711805
7.16,376.95977517240004
7.17,376.6755135120847
7.18,376.81522020449296
7.19,376.5541404116853
7.2,376.17229740221984
7.21,376.2153336537544
7.22,376.47899854493943
7.23,377.0043815647936
7.24,377.3621531836608
7.25,377.0642997072184
7.26,376.8467057996952
7.2700000000000005,377.004239400512
7.28,377.3751207748298
7.29,377.65205633466104
7.3,377.727390519221
7.3100000000000005,377.3966563564295
7.32,377.0440679325891
7.33,377.2709069632559
7.34,377.20036384209465
7.3500000000000005,376.840462999593
7.36,376.76949227990366
7.37,376.57466275713097
7.38,376.3678459842084
7.390000000000001,376.64950643770646
7.4,376.5621665777407
7.41,376.6510551532067
7.42,377.0918384587639
7.43,377.40219376974403
7.44,377.861730103663
7.45,377.81067861682084
7.46,377.4595105862292
7.47,377.3904639042408
7.48,377.48058018705365
7.49,377.2350788866237
7.5,377.2573541723202
7.51,377.28082336236133
7.5200000000000005,376.9382231972161
7.53,376.7576039180248
7.54,376.47694944162265
7.55,376.5240468740232
7.5600000000000005,376.59137456243013
7.57,376.3003071226871
7.58,375.6981018645909
7.59,375.5628472442736
7.6000000000000005,375.8745264813877
7.61,376.60398785156946
7.62,377.1994348939867
7.63,377.36597924024016
7.640000000000001,377.0372032860357
7.65,376.6190962488539
7.66,376.07294747514567
7.67,376.0594975623167
7.68,376.3352883673556
7.69,376.1980337350866
7.7,375.76433947705436
7.71,375.7925815302156
7.72,376.2989881044754
7.73,377.01438223064946
7.74,377.6111173149835
7.75,377.6627145449743
7.76,377.82373055220177
7.7700000000000005,378.415838085094
7.78,378.4713095478584
7.79,378.12612760470194
7.8,377.8637175471101
7.8100000000000005,377.4383536283909
7.82,376.71959884804346
7.83,376.1203848467142
7.84,375.88469555396136
7.8500000000000005,375.92001427519176
7.86,376.31152930481926
7.87,376.6850265265214
7.88,376.52590051748984
7.890000000000001,376.1326768056108
7.9,375.86396281119426
7.91,375.7728127477251
7.92,375.6933182422994
7.930000000000001,376.0705191303473
7.94,376.9426413770942
7.95,377.5715423691386
7.96,377.42631510950844
7.97,376.8947181457027
7.98,376.36753139130127
7.99,376.6368623204397
8.0,376.56917430848944
8.01,376.7754955651025
8.02,376.7578921514003
8.03,376.6280358607503
8.040000000000001,376.2790621791557
8.05,375.797488734254
8.06,375.559286896355
8.07,375.7518688515313
8.08,375.87147440272884
8.09,375.89211907560264
8.1,375.75620122120483
8.11,375.9534975081392
8.120000000000001,375.98151149896603
8.13,376.0250567390964
8.14,376.37608937595326
8.15,377.1460015223153
8.16,377.5960392186846
8.17,378.3806668627931
8.18,378.72327181510184
8.19,378.90297744172324
8.2,379.21676192976224
8.21,379.58668302966254
8.22,379.54178177923427
8.23,378.8045669835645
8.24,376.8853414309933
8.25,373.11066176776177
8.26,366.92052841274636
8.27,359.4336760796243
8.28,355.36055093307544
8.290000000000001,355.96917094518625
8.3,359.12465370622783
8.31,365.1863438569993
8.32,370.4806840393365
8.33,376.37536734909065
8.34,380.2741975678377
8.35,382.99502104323983
8.36,381.7714035737378
8.370000000000001,377.6220052896211
8.38,372.0427247806166
8.39,363.99621397935545
8.4,352.3921613438138
8.41,341.8752154422267
8.42,331.1318404051818
8.43,325.50945365741666
8.44,323.5481503795438
8.45,324.0349353077681
8.46,326.60099947447156
8.47,329.66477518602466
8.48,331.7653332304207
8.49,332.6759268403037
8.5,333.3715350284198
8.51,333.10318680897564
8.52,332.5189230457009
8.53,331.27285033960646
8.540000000000001,329.5103214347842
8.55,327.4373286890519
8.56,325.0426718811905
8.57,322.56002711186994
8.58,321.65092818904867
8.59,322.0896157033254
8.6,323.43136139318676
8.61,325.7581749347782
8.620000000000001,328.6525664108362
8.63,331.1441879538091
8.64,332.6084721024848
8.65,334.56197492085846
8.66,336.46803156703055
8.67,337.13887044914725
8.68,336.4060294859204
8.69,335.97602087118344
8.700000000000001,335.5050581505154
8.71,334.9622512096506
8.72,334.6770229194199
8.73,334.0513954169952
8.74,333.03711380798296
8.75,332.37976281154755
8.76,332.61374838772616
8.77,333.80391118401565
8.78,334.9327571164576
8.790000000000001,335.2497522346388
8.8,335.0211882160778
8.81,334.9141996984936
8.82,334.68270849955536
8.83,335.0243126156668
8.84,335.8661043169786
8.85,336.78523285951013
8.86,336.9713041382621
8.870000000000001,336.51417204472807
8.88,336.1079203225968
8.89,336.15457357940574
8.9,335.83134985723797
8.91,335.1976215016615
8.92,334.9417997504303
8.93,335.29828057556904
8.94,336.346228598825
8.950000000000001,337.1517988457123
8.96,336.94180273879317
8.97,336.6785614919401
8.98,336.14540900325386
8.99,335.48240665425885
9.0,335.6257724411508
9.01,336.2390412084028
9.02,336.7188875047208
9.03,336.17013561147866
9.040000000000001,335.7392708172077
9.05,335.78412939051697
9.06,336.2293838858825
9.07,336.4762511463891
9.08,335.89010913239554
9.09,335.9957828429251
9.1,336.955862988856
9.11,337.47829491646905
9.120000000000001,337.44973183264074
9.13,337.01485159587014
9.14,336.7659563244269
9.15,336.652146465928
9.16,336.6013621632224
9.17,336.566829663743
9.18,337.1717226614134
9.19,336.7587189884923
9.200000000000001,335.80485551517006
9.21,335.1482535862133
9.22,335.5411163785446
9.23,335.2308691460498
9.24,334.7290345275504
9.25,334.7280220102204
9.26,334.63313523870477
9.27,335.0967873340425
9.28,335.4969059543675
9.290000000000001,336.11417247051975
9.3,336.7557442468449
9.31,336.6468979616507
9.32,336.3715660724043
9.33,336.46269784787825
9.34,335.83386928023725
9.35,335.52454000244796
9.36,336.36659807349497
9.370000000000001,336.7672034044393
9.38,335.9968276079257
9.39,335.3245003252319
9.4,335.1123097093769
9.41,335.0045351325223
9.42,334.75168925715457
9.43,334.6028026534173
9.44,334.84657083431074
9.450000000000001,335.47505528851224
9.46,336.07462749305597
9.47,337.06118448340726
9.48,337.7657361494037
9.49,337.9963207940278
9.5,337.27553176550526
9.51,335.93083608589956
9.52,335.875131896329
9.53,336.2247740798978
9.540000000000001,336.40191018139467
9.55,335.95697896268223
9.56,335.4105300821392
9.57,334.87554077487306
9.58,334.2654405037476
9.59,333.87943231467693
9.6,334.08652053560274
9.61,334.3373772716971
9.620000000000001,334.467338316684
9.63,334.36688340472733
9.64,334.31237141672796
9.65,334.49552152684663
9.66,335.0380110683809
9.67,335.4539835228492
9.68,336.26568926164543
9.69,336.8454596077487
9.700000000000001,336.5960854291121
9.71,335.8149018715641
9.72,335.20173341845646
9.73,335.1938696574961
9.74,335.55714152995574
9.75,335.56312393350464
9.76,335.610316968324
9.77,336.01546981127865
9.78,336.34911098370395
9.790000000000001,335.75895374789775
9.8,335.45527177891853
9.81,335.48244186436324
9.82,335.58739292774214
9.83,335.92910845943373
9.84,336.23372345951594
9.85,335.3354389777831
9.86,334.49408516322956
9.870000000000001,334.3016816952104
9.88,334.2212085910258
9.89,333.6743770797115
9.9,333.9718537764475
9.91,334.9452165256639
9.92,335.3954838177629
9.93,335.6141083026378
9.94,335.95879040392805
9.950000000000001,336.2070011925765
9.96,336.74089876549033
9.97,337.840142241735
9.98,338.8128367141298
9.99,338.4970240686464
10.0,337.2666102739912
10.01,335.7801607239836
10.02,333.85435892929854
10.03,331.35090813244483
10.040000000000001,328.88973664245816
10.05,325.2863922252822
10.06,321.0369651972099
10.07,319.02995673448254
10.08,318.29257813669375
10.09,0.0
10.1,0.0
10.11,0.0
10.120000000000001,0.0
10.13,0.0
10.14,0.0
10.15,0.0
10.16,0.0
10.17,0.0
10.18,0.0
10.19,0.0
10.200000000000001,0.0
10.21,0.0
10.22,0.0
10.23,0.0
10.24,0.0
10.25,0.0
10.26,0.0
10.27,0.0
10.28,0.0
10.290000000000001,0.0
10.3,0.0
10.31,0.0
10.32,0.0
10.33,0.0
10.34,0.0
10.35,0.0
10.36,0.0
10.370000000000001,0.0
10.38,0.0
10.39,0.0
10.4,0.0
10.41,0.0
10.42,0.0
10.43,0.0
10.44,0.0
10.450000000000001,259.48106360647034
10.46,251.89832281229965
10.47,251.9546445891082
10.48,254.7914299342073
10.49,255.56790079967115
10.5,256.37888755098186
10.51,257.3986704284571
10.52,258.6589037794192
10.53,259.94674956201305
10.540000000000001,261.2218596738131
10.55,262.2905749150033
10.56,263.7036783798646
10.57,264.9719476794795
10.58,266.06180341814826
10.59,267.30709138662303
10.6,269.0912879287409
10.61,271.4483287394779
10.620000000000001,272.688575994381
10.63,273.3138229879472
10.64,274.43211597350574
10.65,275.70182934803057
10.66,276.57277720052184
10.67,277.0876968450999
10.68,277.0890060882413
10.69,277.1743510003223
10.700000000000001,278.40800321170417
10.71,279.7268749098902
10.72,279.81727830825093
10.73,279.2512320061981
10.74,278.38384977521935
10.75,278.34421872452356
10.76,279.11692953080143
10.77,279.24723176349926
10.78,278.8637727933167
10.790000000000001,278.6029947558026
10.8,278.34762003133824
10.81,278.10784893607473
10.82,277.6882570341011
10.83,277.8039386020179
10.84,278.3545898749873
10.85,278.9224441686047
10.86,278.62361830211495
10.870000000000001,278.0016375340649
10.88,278.0724363932545
10.89,278.43442102817124
10.9,278.7848881185514
10.91,278.5147473816182
10.92,277.76696331778095
10.93,277.1562651428011
10.94,277.10316815030154
10.950000000000001,277.20465320159184
10.96,277.0003608766411
10.97,277.0497483814571
10.98,277.7674441792178
10.99,278.77175704734447
11.0,279.60939200856984
11.01,280.373405108823
11.02,281.14999329151243
11.03,281.8285654911402
11.040000000000001,282.1458825786021
11.05,282.02552849047953
11.06,281.4773691908718
11.07,280.9863748008363
11.08,280.9982255749314
11.09,281.12501525377223
11.1,281.29877077345094
11.11,281.37855078045266
11.120000000000001,281.01605442668205
11.13,280.3637694398147
11.14,280.1496851526677
11.15,279.9634733326274
11.16,279.10272147033055
11.17,278.9106429732482
11.18,279.2255707713462
11.19,279.8538891033753
11.200000000000001,280.08307884999255
11.21,280.2065457714993
11.22,280.0189717729724
11.23,279.87671366979197
11.24,280.2971339680724
11.25,280.55585687333433
11.26,280.25317995861656
11.27,280.0499821275773
11.28,279.939473812351
11.290000000000001,279.85396736910417
11.3,280.0673930977153
11.31,280.75879901116707
11.32,282.1646750260521
11.33,283.2155517218452
11.34,282.65626283217074
11.35,282.29225418875313
11.36,282.39286055308673
11.370000000000001,282.40815484014064
11.38,282.2173236407276
11.39,281.4388938243305
11.4,281.34165012390196
11.41,281.5678663603553
11.42,281.89200763982376
11.43,281.82591055549403
11.44,281.41258518379954
11.450000000000001,281.6410225246779
11.46,281.8189121604055
11.47,281.8079179212416
11.48,281.29637488687354
11.49,281.35004403347045
11.5,281.3169412228128
11.51,281.9068891525241
11.52,281.86584659047065
11.53,281.4048753324974
11.540000000000001,281.5481083259038
11.55,281.65292876538194
11.56,281.408428612131
11.57,280.60285585776955
11.58,279.58959881546156
11.59,279.4583632572184
11.6,279.8683981092733
11.61,279.6929815532478
11.620000000000001,279.28648009136754
11.63,278.883079087993
11.64,278.6726133935576
11.65,278.90471229080833
11.66,279.10842822385064
11.67,279.08098391582064
11.68,280.18477799569206
11.69,281.5434441218697
11.700000000000001,281.56843644911606
11.71,280.9506568612669
11.72,280.0567346683229
11.73,278.9889841986598
11.74,278.58741628360684
11.75,278.8379259284891
11.76,278.25408581292623
11.77,277.68758169791727
11.78,277.7907461022245
11.790000000000001,278.3947568724727
11.8,278.5447985797476
11.81,277.7179142562135
11.82,277.6644875323934
11.83,277.8762867458644
11.84,278.405266434716
11.85,279.0058576353807
11.86,278.8758901988089
11.870000000000001,278.3272229562744
11.88,278.4395637247818
11.89,279.2680209632364
11.9,280.2291237553744
11.91,279.97116760231773
11.92,279.4410484155591
11.93,279.79239871464534
11.94,280.1563213001909
11.950000000000001,279.90729709032433
11.96,279.94997933392756
11.97,279.3790105835017
11.98,279.66730783538117
11.99,280.50070245122964
12.0,281.0393765287918
12.01,281.06940204292584
12.02,281.056185437315
12.030000000000001,281.067396401934
12.040000000000001,281.2399026473145
12.05,281.566044053974
12.06,281.9504879708483
12.07,281.9154259951085
12.08,281.2514695103734
12.09,280.6318696746384
12.1,280.62039271700655
12.11,281.0818526707359
12.120000000000001,280.7814211794668
12.13,279.83429590376943
12.14,279.5942017056491
12.15,280.2530768691243
12.16,280.4501765689244
12.17,279.7200446814339
12.18,279.1483031054343
12.19,279.36619491035844
12.200000000000001,279.91522495914495
12.21,279.8077976277906
12.22,280.17496950692515
12.23,280.81390404080634
12.24,281.4516040761261
12.25,281.506535023816
12.26,280.6610389658992
12.27,280.2591982852726
12.280000000000001,280.0464187306003
12.290000000000001,280.11058504649503
12.3,280.1227022208641
12.31,279.716101719151
12.32,279.5781752617467
12.33,279.7695726673338
12.34,280.1206580846053
12.35,280.04680722450956
12.36,279.4674750186685
12.370000000000001,279.4315850055277
12.38,279.21588526028273
12.39,278.86784185988773
12.4,278.4402992065575
12.41,278.30477821726043
12.42,278.7634515690554
12.43,278.6280464976104
12.44,277.8861326758238
12.450000000000001,277.4993076346196
12.46,277.67842478403253
12.47,278.317226297574
12.48,278.5468985013046
12.49,278.35004679654605
12.5,278.602709530245
12.51,279.18283536756263
12.52,279.34173016774105
12.530000000000001,278.8721724485998
12.540000000000001,278.6830738530704
12.55,278.85650511884177
12.56,279.2182254874034
12.57,279.72115081316855
12.58,279.9828199422598
12.59,280.04247235597586
12.6,279.6823619022306
12.61,278.49179771320036
12.620000000000001,276.5663122355677
12.63,274.2160598829014
12.64,271.96459788391684
12.65,269.8326035690601
12.66,268.979284222947
12.67,269.4695417016492
12.68,271.0013579215749
12.69,273.55340124288057
12.700000000000001,276.960179358933
12.71,279.8940694322113
12.72,281.9279414957189
12.73,283.07932348302705
12.74,282.52516639191333
12.75,280.69666712899897
12.76,278.0169977689408
12.77,275.28606509042686
12.780000000000001,273.48342199917545
12.790000000000001,271.92343145541633
12.8,270.32257727129087
12.81,269.63970988662646
12.82,269.0723009371459
12.83,268.30241173614115
12.84,267.82833336376683
12.85,267.3656565811756
12.86,266.8780041817174
12.870000000000001,266.36111499482007
12.88,266.2745363616632
12.89,266.0903523868482
12.9,265.7383653916044
12.91,265.2418916648631
12.92,264.8373772250324
12.93,263.7883894008444
12.94,262.48443605381635
12.950000000000001,261.31724905358493
12.96,260.5507326563273
12.97,260.2910913418403
12.98,259.8452549228529
12.99,258.8457489053982
13.0,257.92640213408936
13.01,257.0230275236277
13.02,255.78269222782708
13.030000000000001,254.83855516879237
13.040000000000001,253.8915112378016
13.05,253.24136165193008
13.06,252.3379425171747
13.07,251.28137699200838
13.08,251.07688087845426
13.09,250.61421193034093
13.1,249.8589169425362
13.11,249.06625381111175
13.120000000000001,248.83468476560137
13.13,248.80226368146776
13.14,248.83544992046464
13.15,248.57270670454403
13.16,248.76305123242759
13.17,248.7837155098904
13.18,248.97295924503493
13.19,249.24761201189006
13.200000000000001,248.99823007907187
13.21,248.5741122080599
13.22,248.4621027886555
13.23,248.27651306291568
13.24,248.3481940613828
13.25,248.50329077172555
13.26,248.24731844174607
13.27,247.96311227097658
13.280000000000001,247.86616028299107
13.290000000000001,247.9598308479399
13.3,248.50596485037275
13.31,248.79705711660463
13.32,248.8474400543797
13.33,248.52958925174963
13.34,248.54189575209844
13.35,248.8798136911432
13.36,249.41770723288013
13.370000000000001,248.96975832809773
13.38,248.84423325656348
13.39,249.3315777076588
13.4,249.32198918761316
13.41,248.8180013675002
13.42,248.50221935027008
13.43,248.84461768892425
13.44,249.15303537852986
13.450000000000001,249.50785796497044
13.46,249.009106918729
13.47,248.76562867676566
13.48,248.45909719128338
13.49,248.33304451004815
13.5,248.31219140621565
13.51,248.0956581178717
13.52,248.33285592346263
13.530000000000001,248.51451781824676
13.540000000000001,248.1020077169632
13.55,248.0268106354268
13.56,247.96045565636595
13.57,247.62591943403473
13.58,247.5727818949633
13.59,247.99838319106794
13.6,248.29791083325722
13.61,248.50229435078708
13.620000000000001,248.93016273658955
13.63,249.2205080110083
13.64,249.42580587031176
13.65,249.2580179574111
13.66,249.22447412745763
13.67,249.04543236035133
13.68,248.74304832706895
13.69,248.85957586843432
13.700000000000001,249.17096933570292
13.71,249.55699253529997
13.72,249.82443199282608
13.73,249.86126805902427
13.74,249.05030700250376
13.75,248.60071725226052
13.76,248.83014141264826
13.77,249.04186055684394
13.780000000000001,248.8396701416299
13.790000000000001,248.7330399336925
13.8,248.52295967417712
13.81,248.30726496045568
13.82,248.13702618366307
13.83,248.10177833152997
13.84,248.16233362027907
13.85,248.5226952272586
13.86,248.3858264649137
13.870000000000001,248.05520358148556
13.88,248.4047693443742
13.89,248.4120897068231
13.9,248.62399991023668
13.91,248.76791301109904
13.92,248.76319030181304
13.93,248.6274350897861
13.94,248.68987907972792
13.950000000000001,248.78782604463564
13.96,248.9456816518644
13.97,248.23977006078505
13.98,248.09141689581787
13.99,248.0580526196044
14.0,248.21116226958705
14.01,248.89518871369444
14.02,249.01383658083193
14.030000000000001,249.1853152870733
14.040000000000001,249.56840692951684
14.05,249.96017557842882
14.06,249.7149694140505
14.07,249.28340028384616
14.08,248.75490754134748
14.09,248.69090356809951
14.1,249.25834903580662
14.11,249.70364447531023
14.120000000000001,249.8826681076745
14.13,249.88277457550774
14.14,249.80043769841174
14.15,249.62827672742694
14.16,249.40041439343617
14.17,249.06895074508594
14.18,248.9650434555802
14.19,249.55331655236498
14.200000000000001,249.79590921856692
14.21,249.93815643964834
14.22,249.7330826467939
14.23,249.17744659488915
14.24,248.85560095585106
14.25,248.4291056492562
14.26,247.8112870812928
14.27,247.52726827105982
14.280000000000001,247.42658190816934
14.290000000000001,247.9904467894944
14.3,247.87123926123775
14.31,247.67081070393476
14.32,247.00909645077613
14.33,246.2468163501638
14.34,245.48605154499552
14.35,244.9172345469334
14.36,245.10798881523723
14.370000000000001,244.90235392758072
14.38,244.24397968325633
14.39,243.60889671763363
14.4,243.69038180660684
14.41,243.57414008997412
14.42,242.5617154480759
14.43,240.94727738888812
14.44,233.75981775474293
14.450000000000001,0.0
14.46,0.0
14.47,0.0
14.48,0.0
14.49,0.0
14.5,0.0
14.51,0.0
14.52,0.0
14.530000000000001,0.0
14.540000000000001,0.0
14.55,0.0
14.56,0.0
14.57,0.0
14.58,0.0
14.59,0.0
14.6,0.0
14.61,0.0
14.620000000000001,0.0
14.63,0.0
14.64,0.0
14.65,0.0
14.66,0.0
14.67,0.0
14.68,0.0
14.69,0.0
14.700000000000001,0.0
14.71,0.0
14.72,0.0
14.73,0.0
14.74,0.0
14.75,0.0
14.76,0.0
14.77,0.0
14.780000000000001,0.0
14.790000000000001,0.0
14.8,0.0
14.81,0.0
14.82,0.0
14.83,0.0
14.84,0.0
14.85,0.0
14.86,0.0
14.870000000000001,0.0
14.88,220.1060647708034
14.89,214.8955318215157
14.9,210.24868020598188
14.91,206.07053844875657
14.92,204.21521433605997
14.93,201.88652441906933
14.94,199.57480453428073
14.950000000000001,199.10877572891366
14.96,199.66888549591997
14.97,201.19056273594225
14.98,202.57317716427386
14.99,204.30565616804168
15.0,206.85763622347133
15.01,208.9058240653415
15.02,210.95016465477912
15.030000000000001,212.14259186340925
15.040000000000001,213.06404293846384
15.05,213.70728178707145
15.06,214.3021566858129
15.07,214.58521233672977
15.08,214.51495042217732
15.09,214.45497380558822
15.1,214.7532992116331
15.11,215.2063991642468
15.120000000000001,216.01264161796794
15.13,216.28693207133492
15.14,215.99540579704598
15.15,215.76776507553484
15.16,215.40711105773568
15.17,215.3286593426081
15.18,215.497835496794
15.19,216.37912593120487
15.200000000000001,217.30538486250717
15.21,217.77217554372027
15.22,218.03088548560027
15.23,218.13248271881005
15.24,217.90908240498817
15.25,218.16989654735943
15.26,218.92110471461123
15.27,218.96614030793964
15.280000000000001,219.2897484664369
15.290000000000001,218.73029946639585
15.3,218.4805228554798
15.31,218.57650279713695
15.32,218.2273731437036
15.33,217.83410060273653
15.34,218.2165746539055
15.35,219.2473086227196
15.36,218.56752361392373
15.370000000000001,217.76281545708164
15.38,217.46766690328192
15.39,217.93806093344924
15.4,219.07558989620148
15.41,219.91410019098083
15.42,220.19949421135638
15.43,220.73043170511716
15.44,220.5513383896435
15.450000000000001,220.65279511293687
15.46,220.21796668132515
15.47,219.79774347831508
15.48,219.55656424551375
15.49,219.73335782932722
15.5,220.0464280084192
15.51,220.75280636417148
15.52,221.78275293280637
15.530000000000001,221.83656459888198
15.540000000000001,221.57608480872582
15.55,221.64966163824968
15.56,221.97375642079857
15.57,222.39714354250523
15.58,222.7932265185843
15.59,222.7869307147196
15.6,222.5883490341403
15.610000000000001,223.12073001272503
15.620000000000001,223.0147929567191
15.63,223.20039669999989
15.64,222.59122755518015
15.65,222.2550238105829
15.66,222.0394578498661
15.67,221.73050860463852
15.68,221.77344111979852
15.69,221.71623457680013
15.700000000000001,221.59892912788567
15.71,221.91854193196968
15.72,221.79128441435944
15.73,221.39781729139048
15.74,221.19331967590773
15.75,220.42125999163102
15.76,219.28416527127683
15.77,219.04093809428372
15.780000000000001,219.13742249434915
15.790000000000001,218.84715283663422
15.8,218.8052784046107
15.81,218.89623350978636
15.82,219.5187590182496
15.83,219.64377525497443
15.84,219.11514475397507
15.85,218.38769653126099
15.860000000000001,217.6160412535169
15.870000000000001,217.61752332902665
15.88,218.6754697954345
15.89,219.76537407132093
15.9,219.6802447807471
15.91,219.18246196010762
15.92,219.16859785708414
15.93,219.5040142019023
15.94,220.1772367404074
15.950000000000001,220.81100604789398
15.96,221.53981259201373
15.97,221.7318031468241
15.98,221.39632549522688
15.99,221.50125598812826
16.0,221.69989938213678
16.01,222.03879728802778
16.02,222.70613126007765
16.03,222.91093650964478
16.04,222.14557462944134
16.05,221.49984863598283
16.06,221.22403950595947
16.07,220.841897776771
16.080000000000002,220.14384325992626
16.09,219.8647402647477
16.1,219.76815722777488
16.11,219.4429835150481
16.12,218.77937884874777
16.13,218.00801914852053
16.14,217.62588607435845
16.15,217.37254883481077
16.16,216.78342514025533
16.17,216.49283680242647
16.18,216.68480307327928
16.19,217.5529040600657
16.2,218.18096477641762
16.21,218.16988281536854
16.22,217.81848476943523
16.23,217.26879983469814
16.240000000000002,217.07317608988876
16.25,217.73643332984122
16.26,218.1605550885521
16.27,218.09545900986186
16.28,218.1939937464172
16.29,218.02516910867814
16.3,217.36924796103426
16.31,217.21879008689024
16.32,217.4107473858771
16.330000000000002,217.5410604042061
16.34,217.42949909397865
16.35,217.15905310210624
16.36,217.03619555385256
16.37,217.43798283104303
16.38,217.70751675897682
16.39,217.7236132165805
16.4,217.352669505474
16.41,217.40915017561076
16.42,217.2334645691493
16.43,217.2642477476207
16.44,217.78552851874718
16.45,217.97134663948128
16.46,218.34739610998736
16.47,218.56073198223507
16.48,218.3129018084315
16.490000000000002,217.79158874275902
16.5,217.73113930037601
16.51,217.5936836621836
16.52,217.50098074371863
16.53,217.14149309573168
16.54,216.96759653392562
16.55,217.17274787425816
16.56,217.177644454493
16.57,217.2403683096093
16.580000000000002,217.55275011598474
16.59,217.4051025818072
16.6,217.0289489721893
16.61,216.72982646755682
16.62,216.7562888270415
16.63,217.52641616460411
16.64,218.0982047013176
16.65,218.30260271846373
16.66,218.16909764394453
16.67,217.8452561280285
16.68,217.68946573730824
16.69,217.05374735937335
16.7,217.73406560127893
16.71,218.5529376356423
16.72,219.0020830376272
16.73,218.6827690366923
16.740000000000002,218.29352811497847
16.75,218.2220434909322
16.76,218.4714558956444
16.77,218.90315611905436
16.78,219.62872951767608
16.79,220.12232340850056
16.8,220.2168683186177
16.81,220.23207476501926
16.82,219.86550192949733
16.830000000000002,219.48395196279372
16.84,219.40183492642575
16.85,219.50627672217024
16.86,219.94251423584677
16.87,220.47546449725658
16.88,220.5296046961874
16.89,220.04171177529525
16.9,219.32053018713754
16.91,218.62864438159784
16.92,218.80867646713915
16.93,218.8934582945871
16.94,218.116949541695
16.95,217.5563737376591
16.96,217.25292751477548
16.97,216.94577350584302
16.98,217.12592942768285
16.990000000000002,217.53570382581637
17.0,217.76326048841324
17.01,217.67637621853152
17.02,217.42039179386737
17.03,217.25953969579925
17.04,217.07792347683042
17.05,217.1320259804492
17.06,217.25401350365448
17.07,217.27232120357604
17.080000000000002,217.74355099194437
17.09,217.7157990531932
17.1,217.50865022885142
17.11,217.789606233904
17.12,217.81958392848415
17.13,217.49572566206083
17.14,216.75799207709358
17.150000000000002,216.51142364524932
17.16,216.53458090096933
17.17,217.6957395045395
17.18,220.67655641188574
17.19,221.2791655271548
17.2,220.16881159186156
17.21,218.01518286943121
17.22,0.0
17.23,0.0
17.240000000000002,0.0
17.25,0.0
17.26,0.0
17.27,0.0
17.28,0.0
17.29,0.0
17.3,0.0
17.31,0.0
17.32,0.0
17.330000000000002,0.0
17.34,0.0
17.35,0.0
17.36,0.0
17.37,0.0
17.38,0.0
17.39,0.0
17.400000000000002,0.0
17.41,0.0
17.42,0.0
17.43,0.0
17.44,0.0
17.45,0.0
17.46,0.0
17.47,0.0
17.48,0.0
17.490000000000002,0.0
17.5,0.0
17.51,0.0
17.52,0.0
17.53,0.0
17.54,0.0
17.55,0.0
17.56,0.0
17.57,0.0
17.580000000000002,0.0
17.59,0.0
17.6,0.0
17.61,0.0
17.62,0.0
17.63,0.0
17.64,0.0
17.650000000000002,0.0
17.66,0.0
17.67,0.0
17.68,0.0
17.69,0.0
17.7,0.0
17.71,0.0
17.72,0.0
17.73,0.0
17.740000000000002,0.0
17.75,0.0
17.76,0.0
17.77,0.0
17.78,0.0
17.79,0.0
17.8,0.0
17.81,0.0
17.82,0.0
17.830000000000002,0.0
17.84,0.0
17.85,0.0
17.86,0.0
17.87,0.0
17.88,0.0
17.89,0.0
17.900000000000002,0.0
17.91,0.0
17.92,0.0
